文件名,资源名称,资源版本,此版本更新时间,Mod ID,对应平台工程 ID,文件大小（字节）,文件路径
Zeta-1.1-40.jar,Zeta,,2026/4/25 7:54:24,,MVARlG2f,763725,K:\.minecraft\versions\BadAeroPlay\mods\Zeta-1.1-40.jar
yuushya-1.21.0-neoforge-2.3.0.jar,方块小镇 (Yuushya Townscape),,2026/4/24 17:59:03,,lfVtagkm,28197448,K:\.minecraft\versions\BadAeroPlay\mods\yuushya-1.21.0-neoforge-2.3.0.jar
yuushya_modelling-1.21.1-2.4.1.jar,方块建模 (Yuushya Modelling),,2026/4/23 23:57:43,,RxVV6ldg,693143,K:\.minecraft\versions\BadAeroPlay\mods\yuushya_modelling-1.21.1-2.4.1.jar
YungsBetterWitchHuts-1.21.1-NeoForge-4.1.1.jar,YUNG 的沼泽小屋优化 (YUNG's Better Witch Huts),,2024/10/15 4:29:19,,t5FRdP87,174789,K:\.minecraft\versions\BadAeroPlay\mods\YungsBetterWitchHuts-1.21.1-NeoForge-4.1.1.jar
YungsBetterStrongholds-1.21.1-NeoForge-5.1.3.jar,YUNG 的要塞优化 (YUNG's Better Strongholds),,2025/3/7 4:03:51,,kidLKymU,461244,K:\.minecraft\versions\BadAeroPlay\mods\YungsBetterStrongholds-1.21.1-NeoForge-5.1.3.jar
YungsBetterOceanMonuments-1.21.1-NeoForge-4.1.2.jar,YUNG 的海底神殿优化 (YUNG's Better Ocean Monuments),,2024/11/21 12:35:45,,3dT9sgt4,1025571,K:\.minecraft\versions\BadAeroPlay\mods\YungsBetterOceanMonuments-1.21.1-NeoForge-4.1.2.jar
YungsBetterNetherFortresses-1.21.1-NeoForge-3.1.5.jar,YUNG 的下界要塞优化 (YUNG's Better Nether Fortresses),,2025/6/2 7:34:40,,Z2mXHnxP,609639,K:\.minecraft\versions\BadAeroPlay\mods\YungsBetterNetherFortresses-1.21.1-NeoForge-3.1.5.jar
YungsBetterMineshafts-1.21.1-NeoForge-5.1.1.jar,YUNG 的矿井优化 (YUNG's Better Mineshafts),,2024/10/15 2:45:00,,HjmxVlSr,493967,K:\.minecraft\versions\BadAeroPlay\mods\YungsBetterMineshafts-1.21.1-NeoForge-5.1.1.jar
YungsBetterJungleTemples-1.21.1-NeoForge-3.1.2.jar,YUNG的丛林神庙优化 (YUNG's Better Jungle Temples),,2024/11/21 12:34:30,,z9Ve58Ih,795839,K:\.minecraft\versions\BadAeroPlay\mods\YungsBetterJungleTemples-1.21.1-NeoForge-3.1.2.jar
YungsBetterEndIsland-1.21.1-NeoForge-3.1.2.jar,YUNG 的末地岛屿优化 (YUNG's Better End Island),,2025/3/14 3:56:29,,2BwBOmBQ,398130,K:\.minecraft\versions\BadAeroPlay\mods\YungsBetterEndIsland-1.21.1-NeoForge-3.1.2.jar
YungsBetterDungeons-1.21.1-NeoForge-5.1.4.jar,YUNG 的地牢优化 (YUNG's Better Dungeons),,2024/12/2 6:09:34,,o1C1Dkj5,782160,K:\.minecraft\versions\BadAeroPlay\mods\YungsBetterDungeons-1.21.1-NeoForge-5.1.4.jar
YungsBetterDesertTemples-1.21.1-NeoForge-4.1.5.jar,YUNG 的沙漠神殿优化 (YUNG's Better Desert Temples),,2025/3/8 6:28:41,,XNlO7sBv,905839,K:\.minecraft\versions\BadAeroPlay\mods\YungsBetterDesertTemples-1.21.1-NeoForge-4.1.5.jar
YungsApi-1.21.1-NeoForge-5.1.6.jar,YUNG's API,,2025/7/1 15:08:10,,Ua7DFN59,388678,K:\.minecraft\versions\BadAeroPlay\mods\YungsApi-1.21.1-NeoForge-5.1.6.jar
ysm-2.6.5-neoforge+mc1.21.1-release.jar,是，史蒂夫模型 (Yes Steve Model),,2026/7/8 2:43:13,,86xjpqqS,63463229,K:\.minecraft\versions\BadAeroPlay\mods\ysm-2.6.5-neoforge+mc1.21.1-release.jar
yet_another_config_lib_v3-3.8.2+1.21.1-neoforge.jar,YetAnotherConfigLib (YACL),,2026/1/10 0:34:35,,1eAoo2KR,1118651,K:\.minecraft\versions\BadAeroPlay\mods\yet_another_config_lib_v3-3.8.2+1.21.1-neoforge.jar
xaeroworldmap-neoforge-1.21.1-1.44.2.jar,Xaero的世界地图 (Xaero's World Map),,2026/7/17 16:40:26,,NcUtCpym,1418918,K:\.minecraft\versions\BadAeroPlay\mods\xaeroworldmap-neoforge-1.21.1-1.44.2.jar
xaerominimap-neoforge-1.21.1-26.4.2.jar,Xaero的小地图 (Xaero's Minimap) - 默认版（功能完整）,,2026/7/17 16:52:05,,1bokaNcj,2185409,K:\.minecraft\versions\BadAeroPlay\mods\xaerominimap-neoforge-1.21.1-26.4.2.jar
wscurrencys-neoforge-1.21.1-1.1.0.jar,消币则至 / 传送石碑：货币 (Waystone: Currencys),,2025/11/25 15:41:13,,1270355,29039,K:\.minecraft\versions\BadAeroPlay\mods\wscurrencys-neoforge-1.21.1-1.1.0.jar
WorldEditCUI-NeoForge-1.21.1+01-SNAPSHOT.jar,WorldEdit CUI (Unofficial Forge Port),,2024/9/3 18:06:49,,lOELapP1,152418,K:\.minecraft\versions\BadAeroPlay\mods\WorldEditCUI-NeoForge-1.21.1+01-SNAPSHOT.jar
windtunnel-1.1.8.jar,Aeronautics:Wind Tunnel,,2026/5/20 22:30:48,,EnEqwk7y,592298,K:\.minecraft\versions\BadAeroPlay\mods\windtunnel-1.1.8.jar
webdisplays-2.6.0-1.21.1.jar,WebDisplays Fork,,2026/5/30 16:42:37,,1417309,875939,K:\.minecraft\versions\BadAeroPlay\mods\webdisplays-2.6.0-1.21.1.jar
weather2-neoforge-1.21.0-2.8.7.jar,局部气候&风暴 (Weather, Storms & Tornadoes),,2026/5/25 5:30:13,,dv5SFk5T,6837067,K:\.minecraft\versions\BadAeroPlay\mods\weather2-neoforge-1.21.0-2.8.7.jar
waystonesuiplus-1.6.0.jar,Waystones Plus,,2026/4/18 2:31:33,,CYpRddBI,63587,K:\.minecraft\versions\BadAeroPlay\mods\waystonesuiplus-1.6.0.jar
WaystonesTeleportPets-1.2-neoforge-1.21.1.jar,Waystones Teleport Pets,,2026/4/23 14:58:30,,VaCl9OtG,120061,K:\.minecraft\versions\BadAeroPlay\mods\WaystonesTeleportPets-1.2-neoforge-1.21.1.jar
waystonessable-1.0.5.jar,Waystones: Sable (Create Aeronautics Addon),1.0.5,2026/7/10 15:09:18,,BxhPGfcK,90607,K:\.minecraft\versions\BadAeroPlay\mods\waystonessable-1.0.5.jar
waystones-neoforge-1.21.1-21.1.38.jar,传送石碑/指路石 (Waystones),21.1.38,2026/7/24 14:55:05,,LOpKHB2A,1207581,K:\.minecraft\versions\BadAeroPlay\mods\waystones-neoforge-1.21.1-21.1.38.jar
watut-neoforge-1.21.0-1.2.7.jar,What Are They Up To (Watut),,2025/4/13 21:49:23,,AtB5mHky,432269,K:\.minecraft\versions\BadAeroPlay\mods\watut-neoforge-1.21.0-1.2.7.jar
VS-Sable-HoseConnectors-0.1.8-1.21.1.jar,VS / Sable Hose Connectors,0.0.9,2026/6/28 13:45:06,vsfluidlink,YaZEkFmd,755333,K:\.minecraft\versions\BadAeroPlay\mods\VS-Sable-HoseConnectors-0.1.8-1.21.1.jar
voltaic-1.21.1-1.0.11.jar,Voltaic,,2026/7/14 6:07:21,,kzF5itx6,1792391,K:\.minecraft\versions\BadAeroPlay\mods\voltaic-1.21.1-1.0.11.jar
voicechat-neoforge-1.21.1-2.6.21.jar,简单的语音聊天 (Simple Voice Chat),,2026/7/19 19:03:00,,9eGKb6K1,4913870,K:\.minecraft\versions\BadAeroPlay\mods\voicechat-neoforge-1.21.1-2.6.21.jar
visual_keybinder-1.21.1-0.1.13-neoforge.jar,Raw's Visual keybinder,,2026/5/8 7:07:27,,1020759,353558,K:\.minecraft\versions\BadAeroPlay\mods\visual_keybinder-1.21.1-0.1.13-neoforge.jar
vista-neoforge-1.21.1-5.2.5.jar,vista,,2026/7/28 7:08:13,,zuARv1N7,5729706,K:\.minecraft\versions\BadAeroPlay\mods\vista-neoforge-1.21.1-5.2.5.jar
untitledduckmod-1.6.0-neoforge-1.21.1.jar,无题鸭 (Untitled Duck),,2026/6/25 19:03:47,,ojFjz7JF,318016,K:\.minecraft\versions\BadAeroPlay\mods\untitledduckmod-1.6.0-neoforge-1.21.1.jar
unife-1.0.5.jar,Create: UniFE,,2026/5/10 4:23:10,,1486450,82446,K:\.minecraft\versions\BadAeroPlay\mods\unife-1.0.5.jar
ubesdelight-neoforge-1.21.1-0.4.14.jar,香芋乐事 (Ube's Delight),,2026/6/20 23:38:53,,PYjpoAys,957496,K:\.minecraft\versions\BadAeroPlay\mods\ubesdelight-neoforge-1.21.1-0.4.14.jar
tweakerge-0.4.3+mc1.21.1.jar,Tweakerge,,2026/4/23 16:17:43,,yke6wdGF,674125,K:\.minecraft\versions\BadAeroPlay\mods\tweakerge-0.4.3+mc1.21.1.jar
trashcans-1.0.18c-neoforge-mc1.21.jar,垃圾桶 (Trash Cans),,2024/11/10 22:36:28,,4QrnfueM,159808,K:\.minecraft\versions\BadAeroPlay\mods\trashcans-1.0.18c-neoforge-mc1.21.jar
tracks-neoforge-1.21.1-1.0.1.jar,Create: Tracks,,2026/4/23 2:05:33,,1519765,166455,K:\.minecraft\versions\BadAeroPlay\mods\tracks-neoforge-1.21.1-1.0.1.jar
touhoulittlemaid-1.5.3-neoforge+mc1.21.1.jar,车万女仆 (Touhou Little Maid),,2026/5/9 15:33:11,,R0bDWFAW,24408776,K:\.minecraft\versions\BadAeroPlay\mods\touhoulittlemaid-1.5.3-neoforge+mc1.21.1.jar
toofast-1.21.0-0.4.3.6.jar,Too Fast,,2025/7/28 10:09:28,,550678,3372,K:\.minecraft\versions\BadAeroPlay\mods\toofast-1.21.0-0.4.3.6.jar
toms_storage-1.21-2.4.1.jar,汤姆的简易存储 (Tom's Simple Storage Mod),,2026/7/25 1:17:11,,XZNI4Cpy,855813,K:\.minecraft\versions\BadAeroPlay\mods\toms_storage-1.21-2.4.1.jar
tipsmod-neoforge-1.21.1-21.1.3.jar,提示 (Tips),,2025/10/20 1:45:52,,AMCbgyVw,121037,K:\.minecraft\versions\BadAeroPlay\mods\tipsmod-neoforge-1.21.1-21.1.3.jar
tfmg-1.2.2.jar,机械动力：工业长路 (Create: Industry/Create: The Factory Must Grow),,2026/6/6 21:05:54,,693815,4986234,K:\.minecraft\versions\BadAeroPlay\mods\tfmg-1.2.2.jar
Terralith_1.21.1_v2.6.2_Neoforge.jar,Terralith,,2026/6/10 1:51:45,,8oi3bsk5,2814865,K:\.minecraft\versions\BadAeroPlay\mods\Terralith_1.21.1_v2.6.2_Neoforge.jar
synaxis-1.4.3.jar,Synaxis,,2026/7/11 21:51:09,,aJewFWOb,4373404,K:\.minecraft\versions\BadAeroPlay\mods\synaxis-1.4.3.jar
suppsquared-neoforge-1.21-1.2.18.jar,Supplementaries Squared,,2026/6/18 5:32:15,,dCCkNFwE,752062,K:\.minecraft\versions\BadAeroPlay\mods\suppsquared-neoforge-1.21-1.2.18.jar
supplementaries-neoforge-1.21.1-3.8.4.jar,锦致装饰 (Supplementaries),3.8.4,2026/7/25 2:19:27,,fFEIiSDQ,13465307,K:\.minecraft\versions\BadAeroPlay\mods\supplementaries-neoforge-1.21.1-3.8.4.jar
supermartijn642corelib-1.1.22-neoforge-mc1.21.jar,SuperMartijn642's Core Lib,,2026/7/28 21:32:53,,rOUBggPv,558466,K:\.minecraft\versions\BadAeroPlay\mods\supermartijn642corelib-1.1.22-neoforge-mc1.21.jar
supermartijn642configlib-1.1.8-neoforge-mc1.21.jar,SuperMartijn642's Config Lib,,2024/7/20 6:10:58,,LN9BxssP,207514,K:\.minecraft\versions\BadAeroPlay\mods\supermartijn642configlib-1.1.8-neoforge-mc1.21.jar
superbwarfare-0.8.9-final-mc1.21.1-9b5284f4.jar,卓越前线 (Superb Warfare),,2026/5/18 1:27:39,,Cd3DYqzn,31688244,K:\.minecraft\versions\BadAeroPlay\mods\superbwarfare-0.8.9-final-mc1.21.1-9b5284f4.jar
streetskubegui-neoforge-1.0.0.jar,KubeJS GUI Overhauled,,2026/6/24 20:43:52,,i8DkrJYa,191567,K:\.minecraft\versions\BadAeroPlay\mods\streetskubegui-neoforge-1.0.0.jar
storagedelight-26.07.01a-1.21-neoforge.jar,存储乐事 (Storage Delight),,2026/7/8 10:52:06,,LTTvOp5L,841065,K:\.minecraft\versions\BadAeroPlay\mods\storagedelight-26.07.01a-1.21-neoforge.jar
stabilized-1.0.2.jar,Create Aeronautics: Stabilized,,2026/6/21 6:02:49,,vRmgUJhP,100728,K:\.minecraft\versions\BadAeroPlay\mods\stabilized-1.0.2.jar
spearcore-2.0.42.0.4-neo-2.0.4.jar,Spear Core,2.0.4,2026/7/28 20:26:55,,V8rh24lv,314057,K:\.minecraft\versions\BadAeroPlay\mods\spearcore-2.0.42.0.4-neo-2.0.4.jar
spear-backport-neoforge-1.8.0-1.21.1.jar,Backported Spears,,2026/3/8 1:11:06,,rVUtrHuM,421287,K:\.minecraft\versions\BadAeroPlay\mods\spear-backport-neoforge-1.8.0-1.21.1.jar
sophisticatedstorage-1.21.1-1.5.83.2017.jar,精妙存储 (Sophisticated Storage),,2026/7/25 7:37:54,,619320,1828640,K:\.minecraft\versions\BadAeroPlay\mods\sophisticatedstorage-1.21.1-1.5.83.2017.jar
sophisticatedcore-1.21.1-1.4.80.2194.jar,精妙核心 (Sophisticated Core),,2026/7/25 7:20:34,,618298,1673669,K:\.minecraft\versions\BadAeroPlay\mods\sophisticatedcore-1.21.1-1.4.80.2194.jar
sophisticatedbackpacks-1.21.1-3.25.73.2020.jar,精妙背包 (Sophisticated Backpacks),,2026/7/25 7:28:53,,422301,1144238,K:\.minecraft\versions\BadAeroPlay\mods\sophisticatedbackpacks-1.21.1-3.25.73.2020.jar
somnia-ce-3.5.0.jar,梦醒时分：社区版 (Somnia: Community Edition),,2025/10/2 1:43:21,,DFCs8Mug,102735,K:\.minecraft\versions\BadAeroPlay\mods\somnia-ce-3.5.0.jar
sodium-neoforge-0.8.12+mc1.21.1.jar,钠 (Sodium),0.8.12+mc1.21.1,2026/7/7 1:19:52,,AANobbMI,1291418,K:\.minecraft\versions\BadAeroPlay\mods\sodium-neoforge-0.8.12+mc1.21.1.jar
smsn-neoforge-1.4.3-1.21.1.jar,救救我的答辩网络 (Save My Shaky Network),,2026/7/9 17:03:23,,1129397,116160,K:\.minecraft\versions\BadAeroPlay\mods\smsn-neoforge-1.4.3-1.21.1.jar
slideshow_pro-neoforge-1.21.1-1.1.0.jar,幻灯片：增强 (Slide Show Pro),,2025/7/13 22:30:11,,P6nYxysS,1567265,K:\.minecraft\versions\BadAeroPlay\mods\slideshow_pro-neoforge-1.21.1-1.1.0.jar
skinlayers3d-neoforge-1.11.2-mc1.21.1.jar,3D 皮肤层 (Skin Layers 3D),1.11.2,2026/6/19 2:52:32,skinlayers3d,zV5r3pPn,1979027,K:\.minecraft\versions\BadAeroPlay\mods\skinlayers3d-neoforge-1.11.2-mc1.21.1.jar
sit-1.21.1-1.4.jar,席地而坐 (Sit),,2025/7/17 2:24:59,,VKXzIykF,14031,K:\.minecraft\versions\BadAeroPlay\mods\sit-1.21.1-1.4.jar
simurail-1.21.1-0.0.0-a+e68481d.jar,,,,,,627305,K:\.minecraft\versions\BadAeroPlay\mods\simurail-1.21.1-0.0.0-a+e68481d.jar
simulatedextra-0.3-beta.jar,Simulated Extra,,2026/6/19 20:24:25,,L064RU4O,67005,K:\.minecraft\versions\BadAeroPlay\mods\simulatedextra-0.3-beta.jar
simulated_gauges-1.1.0.jar,Simulated Gauges,,2026/4/25 14:38:54,,AwDdvIWn,828225,K:\.minecraft\versions\BadAeroPlay\mods\simulated_gauges-1.1.0.jar
simulated_addition-1.0.2.jar,Simulated Addition,,2026/5/17 16:32:16,,j55CF8YT,336474,K:\.minecraft\versions\BadAeroPlay\mods\simulated_addition-1.0.2.jar
simplesorter-neoforge-1.21.1-3.6.0.jar,简单R键整理 (SimpleSorterR),,2026/5/31 16:26:27,,6iAdBiSB,97066,K:\.minecraft\versions\BadAeroPlay\mods\simplesorter-neoforge-1.21.1-3.6.0.jar
simpleradio-neoforge-1.21.1-4.5.7.9.jar,Simple Radio,,2026/6/19 11:38:02,,S7b8mMXS,1016130,K:\.minecraft\versions\BadAeroPlay\mods\simpleradio-neoforge-1.21.1-4.5.7.9.jar
sim_copycats-1.3.1.jar,Aeronautics: simulated copycats,,2026/6/29 0:13:17,,NYBH9vVY,388185,K:\.minecraft\versions\BadAeroPlay\mods\sim_copycats-1.3.1.jar
SereneSeasons-neoforge-1.21.1-10.1.0.3.jar,静谧四季/季节 (Serene Seasons),,2025/2/12 3:35:48,,291874,159205,K:\.minecraft\versions\BadAeroPlay\mods\SereneSeasons-neoforge-1.21.1-10.1.0.3.jar
searchonmcmod-neoforge-1.21-1.21.8-0.1.0.jar,MC百科搜索 (Search on MCMOD),,2026/6/14 23:02:29,,cPF7RWdR,25721,K:\.minecraft\versions\BadAeroPlay\mods\searchonmcmod-neoforge-1.21-1.21.8-0.1.0.jar
scoreboardtweaks-1.3.4+1.21.1-neoforge.jar,Scoreboard Tweaks,,2025/6/19 5:18:23,,2MQvXJii,117048,K:\.minecraft\versions\BadAeroPlay\mods\scoreboardtweaks-1.3.4+1.21.1-neoforge.jar
sablephysicscompat-1.3.0.jar,Sable: Physics Compat,,2026/4/24 10:28:38,,sZbcIrJb,25334,K:\.minecraft\versions\BadAeroPlay\mods\sablephysicscompat-1.3.0.jar
sable-photomancy-1.0.0.jar,Sable Photomancy,,2026/7/25 15:03:25,,hNGBYvQN,1605342,K:\.minecraft\versions\BadAeroPlay\mods\sable-photomancy-1.0.0.jar
sable-neoforge-1.21.1-2.0.3.jar,Sable,,2026/6/17 12:32:49,,T9PomCSv,12889000,K:\.minecraft\versions\BadAeroPlay\mods\sable-neoforge-1.21.1-2.0.3.jar
sable_sa_compat-1.0.0.jar,Create Stuff 'N Additions x Sable & Aeronautics Compat,,2026/5/28 17:53:55,,gsAqDfOu,30346,K:\.minecraft\versions\BadAeroPlay\mods\sable_sa_compat-1.0.0.jar
sable_createaddition_compat-0.1.13.jar,Create Additions - Sable Compat,,2026/5/29 23:25:43,,5njdnAZ8,23908,K:\.minecraft\versions\BadAeroPlay\mods\sable_createaddition_compat-0.1.13.jar
rtsbuilding-neoforge-1.21.1-1.1.6-patch1.jar,RTS building: Build From Above,patch1,2026/7/29 18:40:31,,5PkY7RJI,4369822,K:\.minecraft\versions\BadAeroPlay\mods\rtsbuilding-neoforge-1.21.1-1.1.6-patch1.jar
ritchiesprojectilelib-2.1.2-mc.1.21.1-neoforge.jar,Ritchie's Projectile Library,,2026/2/7 16:42:23,,B3pb093D,76369,K:\.minecraft\versions\BadAeroPlay\mods\ritchiesprojectilelib-2.1.2-mc.1.21.1-neoforge.jar
rhino-2101.2.8-build.91.jar,犀牛 (Rhino),2101.2.8-build.91,2026/7/19 18:21:57,rhino,sk9knFPE,980936,K:\.minecraft\versions\BadAeroPlay\mods\rhino-2101.2.8-build.91.jar
rha-1.0.3a.jar,Rolled Homongenous: Forked,,2026/7/28 23:33:40,,UFXAeoqT,564255,K:\.minecraft\versions\BadAeroPlay\mods\rha-1.0.3a.jar
Resourcify (1.21.1-neoforge)-1.8.5.jar,资源下载机 (Resourcify),,2026/7/15 2:50:13,,RLzHAoZe,2625951,K:\.minecraft\versions\BadAeroPlay\mods\Resourcify (1.21.1-neoforge)-1.8.5.jar
resourcefullib-neoforge-1.21-3.0.12.jar,Resourceful Lib,,2024/12/8 12:44:13,,G1hIVOrD,484332,K:\.minecraft\versions\BadAeroPlay\mods\resourcefullib-neoforge-1.21-3.0.12.jar
resourcefulconfig-neoforge-1.21-3.0.11.jar,Resourceful Config,,2025/4/27 1:59:04,,M1953qlQ,341009,K:\.minecraft\versions\BadAeroPlay\mods\resourcefulconfig-neoforge-1.21-3.0.11.jar
repackaged-0.0.7.jar,Create: Repackaged,,2026/4/25 17:09:56,,D6daOdv9,1079769,K:\.minecraft\versions\BadAeroPlay\mods\repackaged-0.0.7.jar
refurbished_furniture-neoforge-1.21.1-1.0.22.jar,MrCrayfish 的家具：重制 (MrCrayfish's Furniture Mod: Refurbished),,2026/1/17 21:57:09,,897116,7133477,K:\.minecraft\versions\BadAeroPlay\mods\refurbished_furniture-neoforge-1.21.1-1.0.22.jar
recipeessentials-1.21.1-4.7.jar,Recipe Essentials,,2026/7/19 18:44:51,,907856,43983,K:\.minecraft\versions\BadAeroPlay\mods\recipeessentials-1.21.1-4.7.jar
Re-Avaritia-neoforge-1.21.1-1.4.1-release.jar,无尽贪婪：重生 (Re:Avaritia),,2026/7/24 17:39:51,,QeB3NRC5,3516867,K:\.minecraft\versions\BadAeroPlay\mods\Re-Avaritia-neoforge-1.21.1-1.4.1-release.jar
railways-0.3.0-beta.2+neoforge-mc1.21.1.jar,Steam 'n' Rails Neoforge,,2026/7/28 2:51:02,,L3Jv0QZI,18728584,K:\.minecraft\versions\BadAeroPlay\mods\railways-0.3.0-beta.2+neoforge-mc1.21.1.jar
Quark-4.1-482.jar,夸克 (Quark),,2026/7/13 4:07:37,,qnQsVE2z,15576704,K:\.minecraft\versions\BadAeroPlay\mods\Quark-4.1-482.jar
PuzzlesLib-v21.1.52-1.21.1-NeoForge.jar,Puzzles Lib,,2026/6/15 16:04:30,,QAGBst4M,1425176,K:\.minecraft\versions\BadAeroPlay\mods\PuzzlesLib-v21.1.52-1.21.1-NeoForge.jar
ProjectRed-1.21.1-4.23.0-transmission.jar,红石计划：传导 (ProjectRed - Transmission),,2026/7/26 2:18:48,,dXmH4rEw,479032,K:\.minecraft\versions\BadAeroPlay\mods\ProjectRed-1.21.1-4.23.0-transmission.jar
ProjectRed-1.21.1-4.23.0-integration.jar,红石计划：集成 (Project Red - Integration),,2026/7/26 2:18:47,,3JruZJb0,3569322,K:\.minecraft\versions\BadAeroPlay\mods\ProjectRed-1.21.1-4.23.0-integration.jar
ProjectRed-1.21.1-4.23.0-illumination.jar,红石计划：照明 (Project Red - Illumination),,2026/7/26 2:18:45,,9a4Zqq1k,789249,K:\.minecraft\versions\BadAeroPlay\mods\ProjectRed-1.21.1-4.23.0-illumination.jar
ProjectRed-1.21.1-4.23.0-fabrication.jar,红石计划：制作 (Project Red - Fabrication),,2026/7/26 2:18:44,,5H1VMCiY,790185,K:\.minecraft\versions\BadAeroPlay\mods\ProjectRed-1.21.1-4.23.0-fabrication.jar
ProjectRed-1.21.1-4.23.0-core.jar,红石计划 (ProjectRed),,2026/7/26 2:18:40,,zIlxygxr,778546,K:\.minecraft\versions\BadAeroPlay\mods\ProjectRed-1.21.1-4.23.0-core.jar
ProjectExtended-1.6.2.jar,等价交换扩展 (ProjectExtended),,2025/3/30 5:13:56,,353775,334666,K:\.minecraft\versions\BadAeroPlay\mods\ProjectExtended-1.6.2.jar
ProjectE-1.21.1-PE1.1.0.jar,等价交换重制版 (ProjectE),,2025/6/4 6:48:58,,226410,2426228,K:\.minecraft\versions\BadAeroPlay\mods\ProjectE-1.21.1-PE1.1.0.jar
ProjectE_Integration-1.21.1-8.3.1.jar,等价兼容 (ProjectE Integration),,2026/4/13 23:34:44,,V8sT0HfM,263986,K:\.minecraft\versions\BadAeroPlay\mods\ProjectE_Integration-1.21.1-8.3.1.jar
ProbeJS-8.0.3.jar,ProbeJS,,2026/6/23 11:39:13,,JJNYRb4B,3405057,K:\.minecraft\versions\BadAeroPlay\mods\ProbeJS-8.0.3.jar
prickle-neoforge-1.21.1-21.1.11.jar,Prickle,,2025/9/4 11:19:44,,aaRl8GiW,84812,K:\.minecraft\versions\BadAeroPlay\mods\prickle-neoforge-1.21.1-21.1.11.jar
prefab-neoforge-1.0.9.jar,预制建筑 (Prefab),,2026/7/5 7:02:50,,pTJ1ZloG,9191338,K:\.minecraft\versions\BadAeroPlay\mods\prefab-neoforge-1.0.9.jar
prefab-custom-addon-1.1.0.jar,,,,,,301268,K:\.minecraft\versions\BadAeroPlay\mods\prefab-custom-addon-1.1.0.jar
powergrid-mc1.21.1-0.5.5.1.jar,机械动力：交错电网 (Create: Power Grid),,2026/4/27 19:47:58,,eWiBLJ9R,6252168,K:\.minecraft\versions\BadAeroPlay\mods\powergrid-mc1.21.1-0.5.5.1.jar
portable_engine_liquid_fuel-2.0.0-neoforge-1.21.1.jar,Create Aeronautics: Portable Engine Liquid Fuel,,2026/4/28 23:46:14,,HLbPoouI,133486,K:\.minecraft\versions\BadAeroPlay\mods\portable_engine_liquid_fuel-2.0.0-neoforge-1.21.1.jar
ponderjs-neoforge-1.21.1-2.4.0.jar,Ponder for KubeJS,,2026/1/9 18:46:44,,5A34Stj8,1571893,K:\.minecraft\versions\BadAeroPlay\mods\ponderjs-neoforge-1.21.1-2.4.0.jar
ponderforkc-1.0.0.jar,森罗厨房：思索 (Ponder For KaleidoscopeCookery),,2026/2/22 14:33:31,,I5JahfLa,51739,K:\.minecraft\versions\BadAeroPlay\mods\ponderforkc-1.0.0.jar
ponderer-1.21.1-neoforge-1.10.4.jar,思索者 (Ponderer),,2026/6/21 22:31:49,,voXQB5Hr,3175044,K:\.minecraft\versions\BadAeroPlay\mods\ponderer-1.21.1-neoforge-1.10.4.jar
polymorph-neoforge-1.1.0+1.21.1.jar,多态合成 (Polymorph),,2025/7/21 18:56:20,,tagwiZkJ,174972,K:\.minecraft\versions\BadAeroPlay\mods\polymorph-neoforge-1.1.0+1.21.1.jar
pointblank-neoforge-1.21-1.11.1.jar,Vic's Point Blank,,2026/3/5 12:17:31,,og4KPYmA,17553459,K:\.minecraft\versions\BadAeroPlay\mods\pointblank-neoforge-1.21-1.11.1.jar
pneumaticcraft-repressurized-8.2.23+mc1.21.1.jar,气动工艺 (PneumaticCraft: Repressurized),,2026/7/27 18:00:10,,ncAcdgk7,11884697,K:\.minecraft\versions\BadAeroPlay\mods\pneumaticcraft-repressurized-8.2.23+mc1.21.1.jar
player-animation-lib-forge-2.0.4+1.21.1.jar,playerAnimator,,2025/12/29 5:00:20,,gedNE4y2,203149,K:\.minecraft\versions\BadAeroPlay\mods\player-animation-lib-forge-2.0.4+1.21.1.jar
pipesnphysics-3.0.1.jar,Create: Pipes'n physics,,2026/7/29 2:19:10,,CuAT8bVS,667953,K:\.minecraft\versions\BadAeroPlay\mods\pipesnphysics-3.0.1.jar
Patchouli-1.21.1-93-NEOFORGE.jar,帕秋莉手册 (Patchouli),,2026/3/9 4:49:54,,nU0bVIaL,646777,K:\.minecraft\versions\BadAeroPlay\mods\Patchouli-1.21.1-93-NEOFORGE.jar
pantographsandwires-neoforge-1.21.1-beta-0.2.3-C6.jar,Create: Pantographs & Wires,,2026/6/10 5:56:14,,VzdCnMqW,2030764,K:\.minecraft\versions\BadAeroPlay\mods\pantographsandwires-neoforge-1.21.1-beta-0.2.3-C6.jar
paladin-furniture-mod-1.4.4-neoforge-mc1.21.1.jar,Paladin的家具 (Paladin's Furniture),,2025/9/1 14:17:19,,SISz7Qd3,6091385,K:\.minecraft\versions\BadAeroPlay\mods\paladin-furniture-mod-1.4.4-neoforge-mc1.21.1.jar
packetfixer-3.3.1-1.20.5-1.21.X-merged.jar,Packet Fixer,3.3.1,2025/11/15 1:35:24,packetfixer,c7m1mi73,46623,K:\.minecraft\versions\BadAeroPlay\mods\packetfixer-3.3.1-1.20.5-1.21.X-merged.jar
packed_packs-neoforge-2.2.1+1.21.1.jar,Packed Packs,,2026/6/3 2:00:57,,8Pq6Exn2,781271,K:\.minecraft\versions\BadAeroPlay\mods\packed_packs-neoforge-2.2.1+1.21.1.jar
owo-lib-neoforge-0.12.15.5-beta.1+1.21.jar,oωo (owo-lib),,2025/7/19 8:45:21,,ccKDOlHs,1221583,K:\.minecraft\versions\BadAeroPlay\mods\owo-lib-neoforge-0.12.15.5-beta.1+1.21.jar
ordertocook-1.3.5-neoforge1.21.1.jar,下单了 (Order To Cook),,2026/6/18 4:20:06,,SoAnzOY4,1222094,K:\.minecraft\versions\BadAeroPlay\mods\ordertocook-1.3.5-neoforge1.21.1.jar
OpenLoader-neoforge-1.21.1-21.1.5.jar,开放式加载 (Open Loader),,2025/5/19 16:08:51,,KwWsINvD,35602,K:\.minecraft\versions\BadAeroPlay\mods\OpenLoader-neoforge-1.21.1-21.1.5.jar
open-parties-and-claims-neoforge-1.21.1-0.29.3.jar,Open Parties and Claims,,2026/7/25 23:35:12,,gF3BGWvG,1678468,K:\.minecraft\versions\BadAeroPlay\mods\open-parties-and-claims-neoforge-1.21.1-0.29.3.jar
oneenoughitem-neoforge-1.21.1-1.0.8.jar,One Enough Item,,2026/4/17 17:26:58,,7pCNymxz,260782,K:\.minecraft\versions\BadAeroPlay\mods\oneenoughitem-neoforge-1.21.1-1.0.8.jar
OELib-neoforge-1.21.1-0.2.3.jar,One Enough Lib,,2026/4/16 20:58:09,,7ODqOXka,840689,K:\.minecraft\versions\BadAeroPlay\mods\OELib-neoforge-1.21.1-0.2.3.jar
oceansdelight-neoforge-1.0.4-1.21.1.jar,海洋乐事 (Ocean's Delight),,2026/4/17 21:43:29,,DGiq4ZSW,117108,K:\.minecraft\versions\BadAeroPlay\mods\oceansdelight-neoforge-1.0.4-1.21.1.jar
notenoughcrashes-neoforge-4.4.9+1.21.1.jar,崩溃优化 (Not Enough Crashes),,2025/5/30 19:03:56,,yM94ont6,598916,K:\.minecraft\versions\BadAeroPlay\mods\notenoughcrashes-neoforge-4.4.9+1.21.1.jar
NoChatReports-NEOFORGE-1.21.1-v2.9.1.jar,禁用聊天举报 (No Chat Reports),,2024/11/9 2:15:55,,qQyHxfxd,306668,K:\.minecraft\versions\BadAeroPlay\mods\NoChatReports-NEOFORGE-1.21.1-v2.9.1.jar
netmusic-1.5.1-neoforge+mc1.21.1.jar,网络音乐机 (Net Music),,2026/5/5 22:17:44,,gKNuqaQq,1472671,K:\.minecraft\versions\BadAeroPlay\mods\netmusic-1.5.1-neoforge+mc1.21.1.jar
neoforge-urban_decor-1.21.1-1.2.1.jar,Urban Decor,,2026/6/16 5:48:52,,1bLZdx1u,4126135,K:\.minecraft\versions\BadAeroPlay\mods\neoforge-urban_decor-1.21.1-1.2.1.jar
neoforge-runiclib-1.21.1-5.0.7.jar,RunicLib,,2026/6/3 6:23:24,,mk0Htq87,175793,K:\.minecraft\versions\BadAeroPlay\mods\neoforge-runiclib-1.21.1-5.0.7.jar
Neoforge-Aeronautics-Calibrated-1.4.0.jar,Aeronautics: Calibrated,,2026/7/23 4:55:32,,8kRLmPpH,1061566,K:\.minecraft\versions\BadAeroPlay\mods\Neoforge-Aeronautics-Calibrated-1.4.0.jar
nebl-21.1.10-neoforge+1.21.1.jar,网络包优化重制版 (Not Enough Bandwidth Legacy),,2026/7/26 16:19:18,,VdO1hTrG,8631574,K:\.minecraft\versions\BadAeroPlay\mods\nebl-21.1.10-neoforge+1.21.1.jar
Neat-1.21-47-NEOFORGE.jar,极简血量显示 (Neat),,2026/3/18 7:22:05,,Ins7SzzR,110834,K:\.minecraft\versions\BadAeroPlay\mods\Neat-1.21-47-NEOFORGE.jar
mysterious_mountain_lib-1.2.15-1.21.1.jar,妖怪之山通用库 (MysteriousMountainLib),,2026/4/5 17:50:50,,ntMyNH8c,291753,K:\.minecraft\versions\BadAeroPlay\mods\mysterious_mountain_lib-1.2.15-1.21.1.jar
MyNethersDelight-1.21.1-1.10.4.jar,My Nether's Delight,,2026/7/30 3:38:56,,O53VhQoZ,904388,K:\.minecraft\versions\BadAeroPlay\mods\MyNethersDelight-1.21.1-1.10.4.jar
multiblockjs-1.1.1.jar,MultiblockJS,,2026/6/19 7:47:01,,1511505,82391,K:\.minecraft\versions\BadAeroPlay\mods\multiblockjs-1.1.1.jar
MouseTweaks-neoforge-mc1.21-2.26.1.jar,鼠标手势 (Mouse Tweaks),,2024/8/17 23:55:16,,aC3cM3Vq,73938,K:\.minecraft\versions\BadAeroPlay\mods\MouseTweaks-neoforge-mc1.21-2.26.1.jar
MoreRed-CCT-Compat-1.21.1-1.3.0.jar,More Red x CC:Tweaked Compat,,2025/2/7 5:33:44,,867286,7312,K:\.minecraft\versions\BadAeroPlay\mods\MoreRed-CCT-Compat-1.21.1-1.3.0.jar
morered-1.21.1-6.0.0.3.jar,更多红石 (More Red),,2024/9/28 9:08:09,,387638,535669,K:\.minecraft\versions\BadAeroPlay\mods\morered-1.21.1-6.0.0.3.jar
moredelight-26.05.20a-1.21-neoforge.jar,多趣乐事 (More Delight),,2026/5/22 1:58:25,,znHQQtuU,141933,K:\.minecraft\versions\BadAeroPlay\mods\moredelight-26.05.20a-1.21-neoforge.jar
moonlight-neoforge-1.21.1-3.3.0.jar,Moonlight Lib,,2026/7/26 11:05:28,,twkfQtEc,2135671,K:\.minecraft\versions\BadAeroPlay\mods\moonlight-neoforge-1.21.1-3.3.0.jar
ModernUI-NeoForge-1.21.1-3.13.0.1-universal.jar,现代化 UI (Modern UI),,2026/6/6 23:06:07,,3sjzyvGR,25228113,K:\.minecraft\versions\BadAeroPlay\mods\ModernUI-NeoForge-1.21.1-3.13.0.1-universal.jar
modernfix-neoforge-5.27.20+mc1.21.1.jar,现代化修复 (ModernFix),,2026/7/19 2:21:20,,nmDcB62a,599474,K:\.minecraft\versions\BadAeroPlay\mods\modernfix-neoforge-5.27.20+mc1.21.1.jar
minersdelight-1.21.1-1.4.5.jar,矿工乐事 (Miner's Delight / Miner's Delight +),,2026/4/30 2:11:53,,qMxbM4BQ,390203,K:\.minecraft\versions\BadAeroPlay\mods\minersdelight-1.21.1-1.4.5.jar
minecraft-cursor-neoforge-3.11.3+1.21.1.jar,Cursors Extended,,2026/4/22 7:45:32,,o5fhgLeQ,289244,K:\.minecraft\versions\BadAeroPlay\mods\minecraft-cursor-neoforge-3.11.3+1.21.1.jar
melody_neoforge_1.0.10_MC_1.21.jar,Melody,,2024/6/21 15:53:02,,CVT4pFB2,36096,K:\.minecraft\versions\BadAeroPlay\mods\melody_neoforge_1.0.10_MC_1.21.jar
mekmm-1.21.1-1.3.3.jar,通用机械：更多机器 (Mekanism: More Machine),,2026/4/13 15:49:55,,qDJXZJTz,2983024,K:\.minecraft\versions\BadAeroPlay\mods\mekmm-1.21.1-1.3.3.jar
MekanismWeapons-1.21.1-4.2.1.jar,通用机械武器 (Mekanism: Weapons),,2026/7/13 8:17:19,,XpoGu4hu,151327,K:\.minecraft\versions\BadAeroPlay\mods\MekanismWeapons-1.21.1-4.2.1.jar
MekanismTools-1.21.1-10.7.19.85.jar,通用机械工具 (Mekanism Tools),,2026/4/10 18:30:33,,tqQpq1lt,526620,K:\.minecraft\versions\BadAeroPlay\mods\MekanismTools-1.21.1-10.7.19.85.jar
MekanismGenerators-1.21.1-10.7.19.85.jar,通用机械发电机 (Mekanism Generators),,2026/4/10 18:30:36,,OFVYKsAk,1114598,K:\.minecraft\versions\BadAeroPlay\mods\MekanismGenerators-1.21.1-10.7.19.85.jar
MekanismAdditions-1.21.1-10.7.19.85.jar,通用机械附加 (Mekanism Additions),,2026/4/10 18:30:39,,a6F3uASn,1162551,K:\.minecraft\versions\BadAeroPlay\mods\MekanismAdditions-1.21.1-10.7.19.85.jar
Mekanism-1.21.1-10.7.19.85.jar,通用机械 (Mekanism),,2026/4/10 18:30:24,,Ce6I4WUE,11976009,K:\.minecraft\versions\BadAeroPlay\mods\Mekanism-1.21.1-10.7.19.85.jar
mekanism_weaponry-2.1.5.jar,Mekanism Weaponry,,2026/7/21 13:48:36,,1127676,1014447,K:\.minecraft\versions\BadAeroPlay\mods\mekanism_weaponry-2.1.5.jar
megacells-4.11.0.jar,MEGA存储单元 (MEGA Cells),,2026/4/20 4:48:16,,622112,1137276,K:\.minecraft\versions\BadAeroPlay\mods\megacells-4.11.0.jar
mcwifipnp-1.9.0-1.21-neoforge.jar,更高级联机设置 (LAN World Plug-n-Play),,2025/7/5 17:39:14,,RTWpcTBp,123285,K:\.minecraft\versions\BadAeroPlay\mods\mcwifipnp-1.9.0-1.21-neoforge.jar
mcw-trapdoors-1.1.5-mc1.21.1neoforge.jar,Macaw 的活板门 (Macaw's Trapdoors),,2025/11/24 11:46:27,,n2fvCDlM,572870,K:\.minecraft\versions\BadAeroPlay\mods\mcw-trapdoors-1.1.5-mc1.21.1neoforge.jar
mcw-roofs-2.3.2-mc1.21.1neoforge.jar,Macaw的屋顶 (Macaw's Roofs),,2025/5/4 17:46:30,,B8jaH3P1,1784829,K:\.minecraft\versions\BadAeroPlay\mods\mcw-roofs-2.3.2-mc1.21.1neoforge.jar
mcw-paintings-1.1.0-mc1.21.1neoforge.jar,Macaw的画 (Macaw's Paintings),,2026/3/30 18:50:10,,okE6QVAY,179058,K:\.minecraft\versions\BadAeroPlay\mods\mcw-paintings-1.1.0-mc1.21.1neoforge.jar
mcw-mcwwindows-2.4.2-mc1.21.1neoforge.jar,Macaw 的窗户 (Macaw's Windows),,2025/12/11 5:36:00,,C7I0BCni,1261268,K:\.minecraft\versions\BadAeroPlay\mods\mcw-mcwwindows-2.4.2-mc1.21.1neoforge.jar
mcw-mcwstairs-1.0.2-mc1.21.1neoforge.jar,Macaw的楼梯与露台 (Macaw's Stairs),,2025/12/11 6:01:44,,iP3wH1ha,529082,K:\.minecraft\versions\BadAeroPlay\mods\mcw-mcwstairs-1.0.2-mc1.21.1neoforge.jar
mcw-mcwpaths-1.1.1-mc1.21.1neoforge.jar,Macaw 的小径和路面 (Macaw's Paths and Pavings),,2025/9/25 0:16:28,,VRLhWB91,777742,K:\.minecraft\versions\BadAeroPlay\mods\mcw-mcwpaths-1.1.1-mc1.21.1neoforge.jar
mcw-mcwfences-1.2.1-mc1.21.1neoforge.jar,Macaw的栅栏与墙 (Macaw's Fences and Walls),,2025/12/9 0:10:28,,GmwLse2I,673871,K:\.minecraft\versions\BadAeroPlay\mods\mcw-mcwfences-1.2.1-mc1.21.1neoforge.jar
mcw-lights-1.1.5-mc1.21.1neoforge.jar,Macaw的灯 (Macaw's Lights and Lamps),,2025/12/7 20:48:03,,w4an97C2,525744,K:\.minecraft\versions\BadAeroPlay\mods\mcw-lights-1.1.5-mc1.21.1neoforge.jar
mcw-furniture-3.4.1-mc1.21.1neoforge.jar,Macaw的家具 (Macaw's Furniture),,2025/11/24 8:06:46,,dtWC90iB,2080436,K:\.minecraft\versions\BadAeroPlay\mods\mcw-furniture-3.4.1-mc1.21.1neoforge.jar
mcw-doors-1.1.5-mc1.21.1neoforge.jar,Macaw 的门 (Macaw's Doors),,2026/2/13 21:51:27,,kNxa8z3e,1190404,K:\.minecraft\versions\BadAeroPlay\mods\mcw-doors-1.1.5-mc1.21.1neoforge.jar
mcw-bridges-3.1.2-mc1.21.1neoforge.jar,Macaw的桥梁 (Macaw's Bridges),,2026/2/15 19:33:06,,GURcjz8O,661387,K:\.minecraft\versions\BadAeroPlay\mods\mcw-bridges-3.1.2-mc1.21.1neoforge.jar
mcef_neoforge_2.2.0_MC_1.21.1.jar,Rinku,,2026/3/5 20:06:28,,bQhBuv7x,264045,K:\.minecraft\versions\BadAeroPlay\mods\mcef_neoforge_2.2.0_MC_1.21.1.jar
mannequins-3.0.0-rc.1.jar,Mannequins,,2025/11/19 8:08:43,,wfGzjtBG,165919,K:\.minecraft\versions\BadAeroPlay\mods\mannequins-3.0.0-rc.1.jar
mafglib-0.4.3+mc1.21.1.jar,MaFgLib,,2026/1/20 18:47:52,,SKI34J7B,1314767,K:\.minecraft\versions\BadAeroPlay\mods\mafglib-0.4.3+mc1.21.1.jar
lunarinispread-1.0.0-1.12.1.jar,丰盛晚宴 (Lunarini Spread),,2025/9/6 0:22:15,,MQqt3lhp,76579,K:\.minecraft\versions\BadAeroPlay\mods\lunarinispread-1.0.0-1.12.1.jar
lootjs-neoforge-1.21.1-3.7.0.jar,LootJS: KubeJS Addon,,2026/4/29 18:52:57,,fJFETWDN,247689,K:\.minecraft\versions\BadAeroPlay\mods\lootjs-neoforge-1.21.1-3.7.0.jar
LongHotbar-2.1.0+1.21.1+neoforge.jar,Hysk-LongHotbar,,2026/5/10 9:23:45,,JtgORGSF,47302,K:\.minecraft\versions\BadAeroPlay\mods\LongHotbar-2.1.0+1.21.1+neoforge.jar
lodestone-1.21.1-1.8.2.jar,Lodestone,,2026/1/12 9:39:43,,bN3xUWdo,818829,K:\.minecraft\versions\BadAeroPlay\mods\lodestone-1.21.1-1.8.2.jar
lmft-1.1.1+1.21.9-neoforge.jar,Load My F***ing Tags,1.1.1+1.21.9,2025/10/9 6:06:50,lmft,67kVxsaO,78624,K:\.minecraft\versions\BadAeroPlay\mods\lmft-1.1.1+1.21.9-neoforge.jar
lithostitched-1.7.13-neoforge-21.1.jar,Lithostitched,,2026/7/6 8:40:08,,XaDC71GB,852541,K:\.minecraft\versions\BadAeroPlay\mods\lithostitched-1.7.13-neoforge-21.1.jar
lionfishapi-3.1.jar,Lionfish-API,,2026/6/30 17:52:22,,FoVacERa,91596,K:\.minecraft\versions\BadAeroPlay\mods\lionfishapi-3.1.jar
linearbearing-1.2.6.jar,Create: Linear Bearing,,2026/6/2 0:10:59,,1556708,148396,K:\.minecraft\versions\BadAeroPlay\mods\linearbearing-1.2.6.jar
lightmanscurrency-1.21-2.3.0.5.jar,Lightman's Currency,,2026/7/4 7:47:42,,wvMc8AJt,8073046,K:\.minecraft\versions\BadAeroPlay\mods\lightmanscurrency-1.21-2.3.0.5.jar
Lift-n-Load-1.21.1-1.0c.jar,Create: Lift n' Load |  Simulated/Aeronautics Addon,,2026/6/24 9:55:06,,aJR8vXL6,261308,K:\.minecraft\versions\BadAeroPlay\mods\Lift-n-Load-1.21.1-1.0c.jar
lexiconfig-neoforge-1.4.21-novel.jar,Lexiconfig,,2026/6/7 12:03:06,,D157Rgyf,65316,K:\.minecraft\versions\BadAeroPlay\mods\lexiconfig-neoforge-1.4.21-novel.jar
lever-drugster-1.7.1.jar,Lever drugster,,2026/7/12 13:28:01,,GQNtImhh,477209,K:\.minecraft\versions\BadAeroPlay\mods\lever-drugster-1.7.1.jar
letmedespawn-1.21.x-neoforge-1.5.0.jar,Let Me Despawn,,2025/3/16 19:41:33,,vE2FN5qn,14911,K:\.minecraft\versions\BadAeroPlay\mods\letmedespawn-1.21.x-neoforge-1.5.0.jar
lendersdelight-1.21.1-1.0.10b.jar,L_Ender 's Cataclysm Delight,,2026/6/12 2:07:14,,a48R8AGk,194532,K:\.minecraft\versions\BadAeroPlay\mods\lendersdelight-1.21.1-1.0.10b.jar
ldlib2-neoforge-1.21.1-2.2.30-all.jar,LDLib,2.2.30,2026/7/28 19:58:44,,B1CBVXHX,6597622,K:\.minecraft\versions\BadAeroPlay\mods\ldlib2-neoforge-1.21.1-2.2.30-all.jar
large_meals-1.21.1-1.0.1.jar,Large Meals,,2026/3/21 19:51:10,,vf2Brcj3,96639,K:\.minecraft\versions\BadAeroPlay\mods\large_meals-1.21.1-1.0.1.jar
L_Ender's Cataclysm 1.21.1-3.32.jar,灾变 (L_Ender 's Cataclysm),,2026/7/3 23:54:06,,46KJle7n,73362730,K:\.minecraft\versions\BadAeroPlay\mods\L_Ender's Cataclysm 1.21.1-3.32.jar
kubejstweaks-1.0.6.jar,KubeJS Tweaks,,2026/1/24 15:36:43,,1306367,421764,K:\.minecraft\versions\BadAeroPlay\mods\kubejstweaks-1.0.6.jar
kubejsprojecte-1.3.3.jar,KubeJS ProjectE,,2025/10/2 20:04:07,,838150,10422,K:\.minecraft\versions\BadAeroPlay\mods\kubejsprojecte-1.3.3.jar
kubejsdelight-1.1.6.jar,KubeJS Delight,,2026/6/4 2:28:13,,apt5xJoR,20406,K:\.minecraft\versions\BadAeroPlay\mods\kubejsdelight-1.1.6.jar
kubejsable-1.1.0.jar,KubeJSable,,2026/5/4 11:32:16,,aH1sOU2k,92585,K:\.minecraft\versions\BadAeroPlay\mods\kubejsable-1.1.0.jar
kubejs-neoforge-2101.7.2-build.368.jar,KubeJS,,2026/5/13 23:17:45,,umyGl7zF,2281720,K:\.minecraft\versions\BadAeroPlay\mods\kubejs-neoforge-2101.7.2-build.368.jar
kubejs-mekanism-neoforge-2101.1.7-build.18.jar,KubeJS Mekanism,,2025/11/12 17:21:53,,418651,58054,K:\.minecraft\versions\BadAeroPlay\mods\kubejs-mekanism-neoforge-2101.1.7-build.18.jar
kubejs-create-neoforge-2101.3.1-build.18.jar,KubeJS Create,,2025/11/12 17:21:55,,429371,38630,K:\.minecraft\versions\BadAeroPlay\mods\kubejs-create-neoforge-2101.3.1-build.18.jar
kubejs_kaleidoscope-1.1.0-mc1.21.1-neoforge.jar,Kubejs Kaleidoscope,,2026/7/28 11:59:04,,7etz58Zf,290208,K:\.minecraft\versions\BadAeroPlay\mods\kubejs_kaleidoscope-1.1.0-mc1.21.1-neoforge.jar
kubejs_csv-1.21.1-1.0.0.jar,KubeJS CSV,1.21.1-1.0.0,2025/9/9 22:53:29,kubejs_csv,1344035,22620,K:\.minecraft\versions\BadAeroPlay\mods\kubejs_csv-1.21.1-1.0.0.jar
kubejei-1.0.0.jar,KubeJS JEI,,2026/3/3 13:21:51,,1476466,29608,K:\.minecraft\versions\BadAeroPlay\mods\kubejei-1.0.0.jar
kotlinforforge-5.12.0-all.jar,Kotlin for Forge,,2026/6/29 0:33:45,,351264,7279276,K:\.minecraft\versions\BadAeroPlay\mods\kotlinforforge-5.12.0-all.jar
konkrete_neoforge_1.9.9_MC_1.21.jar,Konkrete,,2024/6/21 15:53:31,,J81TRJWm,618842,K:\.minecraft\versions\BadAeroPlay\mods\konkrete_neoforge_1.9.9_MC_1.21.jar
keybindjs-2101-1.0.1.jar,keybindjs,,2025/4/30 12:16:53,,g3ouhJY7,20178,K:\.minecraft\versions\BadAeroPlay\mods\keybindjs-2101-1.0.1.jar
kaleidoscopetavern-1.2.0-neoforge+mc1.21.1.jar,森罗物语：酒馆 (Kaleidoscope Tavern),,2026/7/1 16:08:12,,r9RZvhiJ,1708047,K:\.minecraft\versions\BadAeroPlay\mods\kaleidoscopetavern-1.2.0-neoforge+mc1.21.1.jar
kaleidoscopedoll-1.4.1-neoforge+mc1.21.1.jar,森罗物语：玩偶 (Kaleidoscope Doll),,2026/6/4 21:45:35,,vQLjjxNs,3602786,K:\.minecraft\versions\BadAeroPlay\mods\kaleidoscopedoll-1.4.1-neoforge+mc1.21.1.jar
kaleidoscopecookery-1.4.1-neoforge+mc1.21.1.jar,森罗物语：厨房 (Kaleidoscope Cookery),,2026/6/17 23:08:44,,v17FatAc,5018991,K:\.minecraft\versions\BadAeroPlay\mods\kaleidoscopecookery-1.4.1-neoforge+mc1.21.1.jar
kaleidoscopecookery_automation-1.0.2.jar,森罗厨房：自动化 (Kaleidoscope Cookery: Automation),,2026/3/12 11:19:54,,7KEJ7Rz9,105057,K:\.minecraft\versions\BadAeroPlay\mods\kaleidoscopecookery_automation-1.0.2.jar
kaleidoscope_compat-2.9.7-neoforge+mc1.21.1.jar,森罗物语：兼容 (Kaleidoscope Compat),,2026/7/16 16:15:54,,Xm1eP54z,1357431,K:\.minecraft\versions\BadAeroPlay\mods\kaleidoscope_compat-2.9.7-neoforge+mc1.21.1.jar
Kaleidoscope Texture Expansion-2.8.0-1.21.1.jar,森罗厨房：乐此不疲 (Kaleidoscope Texture Expansion),,2026/3/6 21:20:13,,sOzI21iF,430566,K:\.minecraft\versions\BadAeroPlay\mods\Kaleidoscope Texture Expansion-2.8.0-1.21.1.jar
JustEnoughResources-NeoForge-1.21.1-1.6.0.17.jar,Just Enough Resources (JER),,2025/5/8 3:06:44,,uEfK2CXF,292088,K:\.minecraft\versions\BadAeroPlay\mods\JustEnoughResources-NeoForge-1.21.1-1.6.0.17.jar
JustEnoughProfessions-neoforge-1.21.1-4.0.5.jar,JEI工作方块 (Just Enough Professions),,2026/4/22 20:49:06,,417645,24879,K:\.minecraft\versions\BadAeroPlay\mods\JustEnoughProfessions-neoforge-1.21.1-4.0.5.jar
JustEnoughMekanismMultiblocks-1.21.1-7.15.jar,Just Enough Mekanism Multiblocks,7.15,2026/4/13 22:41:36,,898746,185493,K:\.minecraft\versions\BadAeroPlay\mods\JustEnoughMekanismMultiblocks-1.21.1-7.15.jar
justenoughbreeding-neoforge-1.21.1-3.1.0.jar,Just Enough Breeding (JEBr),3.1.0,2026/5/24 23:49:35,,9Pk89J3g,585209,K:\.minecraft\versions\BadAeroPlay\mods\justenoughbreeding-neoforge-1.21.1-3.1.0.jar
jeimultiblocks-1.21.1-1.0.6.jar,Just Enough Immersive Multiblocks,,2025/10/21 6:19:41,,ffLYPaWN,16964,K:\.minecraft\versions\BadAeroPlay\mods\jeimultiblocks-1.21.1-1.0.6.jar
jei-1.21.1-neoforge-19.39.0.370.jar,JEI物品管理器 (Just Enough Items),19.39.0.370,2026/7/22 22:40:22,,u6dRKJwZ,1635412,K:\.minecraft\versions\BadAeroPlay\mods\jei-1.21.1-neoforge-19.39.0.370.jar
jecharacters-1.21.1-neoforge-4.5.26.jar,通用拼音搜索 (Just Enough Characters),4.5.26,2026/7/12 1:42:15,,I7k4B65h,250757,K:\.minecraft\versions\BadAeroPlay\mods\jecharacters-1.21.1-neoforge-4.5.26.jar
jauml-neoforge-1.21.1-2.1.0.jar,Jauml,2.1.0,2026/6/25 17:24:03,,ihvBalM2,36861,K:\.minecraft\versions\BadAeroPlay\mods\jauml-neoforge-1.21.1-2.1.0.jar
JadeAddons-1.21.1-NeoForge-6.1.0.jar,Jade Addons (Neo/Forge),,2025/3/17 19:51:01,,xuDOzCLy,74419,K:\.minecraft\versions\BadAeroPlay\mods\JadeAddons-1.21.1-NeoForge-6.1.0.jar
Jade-1.21.1-NeoForge-15.10.5.jar,玉 🔍 (Jade 🔍),,2026/1/29 19:11:50,,nvQzSEkH,725742,K:\.minecraft\versions\BadAeroPlay\mods\Jade-1.21.1-NeoForge-15.10.5.jar
ItemsDisplayed-NeoForge-2.0.10.jar,物品陈列 (Items Displayed),,2025/11/18 9:59:00,,PuR4vDBo,495244,K:\.minecraft\versions\BadAeroPlay\mods\ItemsDisplayed-NeoForge-2.0.10.jar
iris-neoforge-1.8.14-beta.1+mc1.21.1.jar,Iris Shaders,,2026/6/13 23:58:55,,YL57xq9U,2540723,K:\.minecraft\versions\BadAeroPlay\mods\iris-neoforge-1.8.14-beta.1+mc1.21.1.jar
inventoryhud.neoforged.1.21.1-3.4.28.jar,物品栏HUD+ (Inventory HUD+),,2025/9/2 5:11:13,,Kp2uclYl,236206,K:\.minecraft\versions\BadAeroPlay\mods\inventoryhud.neoforged.1.21.1-3.4.28.jar
interiors-1.21.1-neoforge-0.6.1.jar,机械动力：内饰 (Create: Interiors),,2026/1/29 10:53:21,,r4Knci2k,486912,K:\.minecraft\versions\BadAeroPlay\mods\interiors-1.21.1-neoforge-0.6.1.jar
ImmersiveEngineering-1.21.1-12.4.2-194.jar,沉浸工程 (Immersive Engineering),,2025/7/5 23:42:47,,tIm2nV03,14232121,K:\.minecraft\versions\BadAeroPlay\mods\ImmersiveEngineering-1.21.1-12.4.2-194.jar
immersive_paintings-neoforge-1.21.1-0.7.8.jar,沉浸画框 (Immersive Paintings),,2026/6/4 16:46:57,,6txNkua3,5500916,K:\.minecraft\versions\BadAeroPlay\mods\immersive_paintings-neoforge-1.21.1-0.7.8.jar
immersive_furniture-neoforge-0.3.2+1.21.1.jar,沉浸式家具 (Immersive Furniture),,2026/7/29 2:46:42,,SvN6UGeF,994139,K:\.minecraft\versions\BadAeroPlay\mods\immersive_furniture-neoforge-0.3.2+1.21.1.jar
immersive_aircraft-1.4.6+1.21.1-neoforge.jar,沉浸式飞机 (Immersive Aircraft),,2026/5/28 14:47:47,,x3HZvrj6,2447578,K:\.minecraft\versions\BadAeroPlay\mods\immersive_aircraft-1.4.6+1.21.1-neoforge.jar
IMBlocker-5.5.4-neoforge+1.20.6-1.21.8.jar,输入法冲突修复 (IMBlocker),,2026/5/30 12:29:12,,WMDesFsZ,196761,K:\.minecraft\versions\BadAeroPlay\mods\IMBlocker-5.5.4-neoforge+1.20.6-1.21.8.jar
Iceberg-1.21.1-neoforge-1.3.2.jar,冰山 (Iceberg),,2025/4/15 6:15:45,,5faXoLqX,213853,K:\.minecraft\versions\BadAeroPlay\mods\Iceberg-1.21.1-neoforge-1.3.2.jar
I18nUpdateMod-3.7.0-all.jar,自动汉化更新 (I18nUpdateMod),3.7.0,2025/11/1 16:14:49,i18nupdatemod,PWERr14M,49726,K:\.minecraft\versions\BadAeroPlay\mods\I18nUpdateMod-3.7.0-all.jar
hotstuff-1.1.6.jar,Hot's Aerostuff,,2026/6/9 8:55:13,,UFCtLrRv,227369,K:\.minecraft\versions\BadAeroPlay\mods\hotstuff-1.1.6.jar
handcrafted-neoforge-1.21.1-4.0.3.jar,精巧手艺 (Handcrafted),,2025/3/22 8:24:01,,pJmCFF0p,7132842,K:\.minecraft\versions\BadAeroPlay\mods\handcrafted-neoforge-1.21.1-4.0.3.jar
guideme-21.1.17.jar,GuideME,,2026/7/13 3:49:01,,Ck4E7v7R,9309396,K:\.minecraft\versions\BadAeroPlay\mods\guideme-21.1.17.jar
goldenhopper-neoforge-1.21.1-1.5.6.jar,金漏斗 (Golden Hopper),,2024/11/20 0:24:38,,374736,138014,K:\.minecraft\versions\BadAeroPlay\mods\goldenhopper-neoforge-1.21.1-1.5.6.jar
Glodium-1.21-2.2-neoforge.jar,Glodium,,2025/2/4 21:09:39,,UhW5uCKw,61377,K:\.minecraft\versions\BadAeroPlay\mods\Glodium-1.21-2.2-neoforge.jar
GlitchCore-neoforge-1.21.1-2.1.0.2.jar,GlitchCore,,2026/5/19 1:16:01,,955399,90717,K:\.minecraft\versions\BadAeroPlay\mods\GlitchCore-neoforge-1.21.1-2.1.0.2.jar
geckolib-neoforge-1.21.1-4.9.2.jar,Geckolib,,2026/7/1 11:42:04,,8BmcQJ2H,630584,K:\.minecraft\versions\BadAeroPlay\mods\geckolib-neoforge-1.21.1-4.9.2.jar
garnished-2.1.9.2+1.21.1-neoforged.jar,机械动力：装食 (Create: Garnished),,2026/7/29 1:20:37,,6e2SlzR4,3725336,K:\.minecraft\versions\BadAeroPlay\mods\garnished-2.1.9.2+1.21.1-neoforged.jar
fzzy_config-0.7.6+1.21+neoforge.jar,Fzzy Config,,2026/2/3 9:49:45,,hYykXjDp,2369895,K:\.minecraft\versions\BadAeroPlay\mods\fzzy_config-0.7.6+1.21+neoforge.jar
fusion-1.3.5-neoforge-mc1.21.1.jar,Fusion (Connected Textures),1.3.5,2026/7/2 7:11:46,,p19vrgc2,893204,K:\.minecraft\versions\BadAeroPlay\mods\fusion-1.3.5-neoforge-mc1.21.1.jar
FTBQuestsOptimizer-neoforge-3.2.0-1.21.1.jar,FTB Quests Optimizer,,2026/2/8 10:28:38,,oPwMsrcf,18059,K:\.minecraft\versions\BadAeroPlay\mods\FTBQuestsOptimizer-neoforge-3.2.0-1.21.1.jar
ftb-xmod-compat-neoforge-21.1.10.jar,FTB XMod Compat,,2026/7/27 21:33:08,,889915,152024,K:\.minecraft\versions\BadAeroPlay\mods\ftb-xmod-compat-neoforge-21.1.10.jar
ftb-ultimine-neoforge-2101.1.15.jar,连锁破坏 (FTB Ultimine),,2026/6/11 20:02:29,,386134,177109,K:\.minecraft\versions\BadAeroPlay\mods\ftb-ultimine-neoforge-2101.1.15.jar
ftb-teams-neoforge-2101.1.10.jar,FTB 团队 (FTB Teams),,2026/4/5 16:31:58,,404468,302712,K:\.minecraft\versions\BadAeroPlay\mods\ftb-teams-neoforge-2101.1.10.jar
ftb-quests-neoforge-2101.1.29.jar,FTB 任务 (FTB Quests),,2026/7/30 0:12:50,,289412,1595992,K:\.minecraft\versions\BadAeroPlay\mods\ftb-quests-neoforge-2101.1.29.jar
ftb-library-neoforge-2101.1.34.jar,FTB Library (NeoForge),,2026/7/27 18:44:28,,404465,1439001,K:\.minecraft\versions\BadAeroPlay\mods\ftb-library-neoforge-2101.1.34.jar
ftb-jei-extras-21.1.7.jar,FTB JEI Extras,,2025/6/26 3:23:50,,1103259,69759,K:\.minecraft\versions\BadAeroPlay\mods\ftb-jei-extras-21.1.7.jar
ftb-filter-system-neoforge-21.1.4.jar,FTB Filter System,,2026/1/7 18:07:52,,943925,211671,K:\.minecraft\versions\BadAeroPlay\mods\ftb-filter-system-neoforge-21.1.4.jar
ftb-essentials-neoforge-2101.1.10.jar,FTB Essentials (Forge & Fabric),,2026/7/16 16:24:21,,410811,217288,K:\.minecraft\versions\BadAeroPlay\mods\ftb-essentials-neoforge-2101.1.10.jar
freecam-neoforge-1.3.0+mc1.21.jar,Freecam,,2025/3/26 17:01:37,,XeEZ3fK2,1137632,K:\.minecraft\versions\BadAeroPlay\mods\freecam-neoforge-1.3.0+mc1.21.jar
framework-neoforge-1.21.1-0.13.11.jar,Framework,,2026/1/26 22:04:19,,549225,387334,K:\.minecraft\versions\BadAeroPlay\mods\framework-neoforge-1.21.1-0.13.11.jar
FramedBlocks-10.6.1.jar,框架方块 (FramedBlocks),,2026/7/1 7:50:48,,wbgfS34j,4306703,K:\.minecraft\versions\BadAeroPlay\mods\FramedBlocks-10.6.1.jar
ForgeConfigAPIPort-v21.1.6-1.21.1-NeoForge.jar,Forge Config API Port,,2025/11/12 17:00:29,,ohNO6lps,104654,K:\.minecraft\versions\BadAeroPlay\mods\ForgeConfigAPIPort-v21.1.6-1.21.1-NeoForge.jar
fluidlogistics-1.2.5.jar,Create: FluidLogistic,1.2.5,2026/7/25 16:15:23,,g4AWLVIr,2030531,K:\.minecraft\versions\BadAeroPlay\mods\fluidlogistics-1.2.5.jar
Files JS-1.21.1-NeoForge-1.0.jar,FilesJS,,2025/7/11 23:29:34,,1156187,76676,K:\.minecraft\versions\BadAeroPlay\mods\Files JS-1.21.1-NeoForge-1.0.jar
ferritecore-7.0.3-neoforge.jar,铁氧体磁芯 (FerriteCore),,2026/1/25 20:59:45,,uXXizFIs,121559,K:\.minecraft\versions\BadAeroPlay\mods\ferritecore-7.0.3-neoforge.jar
fastboot-1.21.x-v1.3neo.jar,FastBoot,1.3.0,2025/9/15 13:27:37,fastboot,1030285,9085,K:\.minecraft\versions\BadAeroPlay\mods\fastboot-1.21.x-v1.3neo.jar
farmersknives-neoforge-1.21.1-4.2.0.jar,Farmer's Knives,,2026/4/16 10:43:45,,uc3VdfLM,91362,K:\.minecraft\versions\BadAeroPlay\mods\farmersknives-neoforge-1.21.1-4.2.0.jar
FarmersDelight-1.21.1-1.3.2.jar,农夫乐事 (Farmer's Delight),,2026/5/14 0:42:12,,R2OftAxM,3163042,K:\.minecraft\versions\BadAeroPlay\mods\FarmersDelight-1.21.1-1.3.2.jar
farmersdelight_extended-1.21.1-0.2.2.jar,Farmer's Delight: Extended,,2025/12/5 1:29:13,,CxjQ2P6f,142253,K:\.minecraft\versions\BadAeroPlay\mods\farmersdelight_extended-1.21.1-0.2.2.jar
fancymenu_neoforge_3.9.8_MC_1.21.1.jar,FancyMenu,,2026/7/16 4:53:47,,Wq5SjeWM,25505615,K:\.minecraft\versions\BadAeroPlay\mods\fancymenu_neoforge_3.9.8_MC_1.21.1.jar
fancy-entity-renderer-neoforge-1.21-0.4.8.jar,Fancy Entity Renderer,,2026/6/16 18:30:04,,RQ6INv2n,410490,K:\.minecraft\versions\BadAeroPlay\mods\fancy-entity-renderer-neoforge-1.21-0.4.8.jar
ExtraQuests-1.7.0-1.21.1-NeoForge.jar,ExtraQuests [FTB Quests],,2026/4/28 17:54:38,,rMvP0ujv,37332,K:\.minecraft\versions\BadAeroPlay\mods\ExtraQuests-1.7.0-1.21.1-NeoForge.jar
ExtraLib-3.0.11-1.21.1-NeoForge.jar,ExtraLib,,2026/6/26 16:18:11,,2GNqVOLH,8954979,K:\.minecraft\versions\BadAeroPlay\mods\ExtraLib-3.0.11-1.21.1-NeoForge.jar
extra_gauges-2.1.2.jar,机械动力：更多仪表 (Create: Extra Gauges),,2026/5/23 15:43:06,,6YJgomwt,1055930,K:\.minecraft\versions\BadAeroPlay\mods\extra_gauges-2.1.2.jar
ExtendedAE-1.21-2.2.35-neoforge.jar,AE2扩展 (ExtendedAE),,2026/7/26 17:17:41,,892005,5578031,K:\.minecraft\versions\BadAeroPlay\mods\ExtendedAE-1.21-2.2.35-neoforge.jar
exposure-neoforge-1.21.1-1.9.18.jar,拾光定影 (Exposure),,2026/6/10 5:07:48,,hB899VmG,2192415,K:\.minecraft\versions\BadAeroPlay\mods\exposure-neoforge-1.21.1-1.9.18.jar
exposure_polaroid-neoforge-1.21.1-1.1.6.jar,Exposure: Polaroid,,2026/7/29 20:55:02,,WEWiqYkW,361404,K:\.minecraft\versions\BadAeroPlay\mods\exposure_polaroid-neoforge-1.21.1-1.1.6.jar
exposure_expanded-neoforge-1.0.1.jar,Exposure: Expanded,,2025/9/4 0:34:24,,61XQmq6p,951304,K:\.minecraft\versions\BadAeroPlay\mods\exposure_expanded-neoforge-1.0.1.jar
exposure_catalog-neoforge-1.1.2.jar,Exposure Catalog,,2026/7/29 21:03:29,,PWcQ3kcp,149304,K:\.minecraft\versions\BadAeroPlay\mods\exposure_catalog-neoforge-1.1.2.jar
expandeddelight-0.1.4.jar,扩充乐事 (Expanded Delight),,2026/1/10 20:20:12,,e9V6wFcR,547554,K:\.minecraft\versions\BadAeroPlay\mods\expandeddelight-0.1.4.jar
entityculling-neoforge-1.10.5-mc1.21.1.jar,实体渲染机制优化 (Entity Culling),1.10.5,2026/6/20 22:41:50,entityculling,NNAgCjsB,1585287,K:\.minecraft\versions\BadAeroPlay\mods\entityculling-neoforge-1.10.5-mc1.21.1.jar
entity_texture_features_1.21-neoforge-7.1.jar,实体纹理特性 (Entity Texture Features),,2026/4/15 21:06:24,,BVzZfTc1,752334,K:\.minecraft\versions\BadAeroPlay\mods\entity_texture_features_1.21-neoforge-7.1.jar
entity_model_features-3.2.4-1.21-neoforge.jar,实体模型特性 (Entity Model Features),,2026/5/9 23:21:41,,4I1XuqiY,567827,K:\.minecraft\versions\BadAeroPlay\mods\entity_model_features-3.2.4-1.21-neoforge.jar
ends_delight-2.6.1+neoforge.1.21.1.jar,末地乐事 (End's Delight),,2026/6/28 22:34:05,,yHN0njMr,258124,K:\.minecraft\versions\BadAeroPlay\mods\ends_delight-2.6.1+neoforge.1.21.1.jar
endersdelight-1.3.0.jar,末影乐事 (Ender's Delight),,2026/5/5 14:01:06,,2uEhdGKt,152449,K:\.minecraft\versions\BadAeroPlay\mods\endersdelight-1.3.0.jar
electrodynamics-1.21.1-1.0.12.jar,电动力学 (Electrodynamics),,2026/7/17 22:40:05,,xmhmr70o,16338006,K:\.minecraft\versions\BadAeroPlay\mods\electrodynamics-1.21.1-1.0.12.jar
effortlessbuilding-4.2+1.21.1.jar,Effortless Building,4.2,2026/7/27 3:55:09,effortlessbuilding,DYtfQEYj,958842,K:\.minecraft\versions\BadAeroPlay\mods\effortlessbuilding-4.2+1.21.1.jar
e33chat-NeoForge-1.21.1-2.1.2.jar,E33Chat,2.1.2,2026/7/25 9:54:00,,onBSJreQ,168604,K:\.minecraft\versions\BadAeroPlay\mods\e33chat-NeoForge-1.21.1-2.1.2.jar
dynamicelectricity-1.21.1-1.2.1-0.jar,Dynamic Electricity,,2025/6/15 8:55:31,,gYqTAyBw,360332,K:\.minecraft\versions\BadAeroPlay\mods\dynamicelectricity-1.21.1-1.2.1-0.jar
dummmmmmy-neoforge-1.21-2.1.0.jar,试验假人 (MmmMmmMmmMmm / Target Dummy),,2026/7/26 11:06:02,,Adega8YN,214030,K:\.minecraft\versions\BadAeroPlay\mods\dummmmmmy-neoforge-1.21-2.1.0.jar
drivebywire-typewriter-1.1.0-beta.2.jar,Drive-By-Wire:Typewriter,,2026/7/1 1:45:30,,lDYpnxit,163273,K:\.minecraft\versions\BadAeroPlay\mods\drivebywire-typewriter-1.1.0-beta.2.jar
drivebywire-0.3.0.jar,Drive-By-Wire With Sable,,2026/6/14 20:37:29,,1520378,273144,K:\.minecraft\versions\BadAeroPlay\mods\drivebywire-0.3.0.jar
drivebywire-0.2.7.jar,Sable Drive-By-Wire TFMG engine controller support,,2026/5/13 0:48:58,,stUNbMf2,272922,K:\.minecraft\versions\BadAeroPlay\mods\drivebywire-0.2.7.jar
drivebypower-1.0.4.jar,Aeronautics: DriveByPower,,2026/5/8 0:46:32,,hjrZTffG,274175,K:\.minecraft\versions\BadAeroPlay\mods\drivebypower-1.0.4.jar
dragonlib-neoforge-1.21.1-beta-3.0.28.jar,DragonLib,,2026/6/1 2:47:26,,sbIsGaOV,2107270,K:\.minecraft\versions\BadAeroPlay\mods\dragonlib-neoforge-1.21.1-beta-3.0.28.jar
draggable_lists-mc1.20.6-1.0.8-build.44.jar,可拖动列表/可拖动资源包 (Draggable Lists/Draggable Resource Packs),1.0.8,2025/3/1 4:54:11,draggable_lists,aLcHfalx,97906,K:\.minecraft\versions\BadAeroPlay\mods\draggable_lists-mc1.20.6-1.0.8-build.44.jar
displaydelight-1.7.0.jar,Display Delight,,2026/6/14 1:02:48,,yXepZhp8,1144367,K:\.minecraft\versions\BadAeroPlay\mods\displaydelight-1.7.0.jar
directgpu-1.0.21-neoforge-1.21.1.jar,CC:DirectGPU,1.0.20-neoforge-1.21.1,2026/7/9 19:44:06,directgpu,y2LA8uQE,452643,K:\.minecraft\versions\BadAeroPlay\mods\directgpu-1.0.21-neoforge-1.21.1.jar
dg_js-1.21.1-1.2.3.jar,KubeJS Diesel Generators,,2026/7/15 2:54:56,,10UMLVgM,125254,K:\.minecraft\versions\BadAeroPlay\mods\dg_js-1.21.1-1.2.3.jar
deployer-0.1.2.jar,Create: Deployer API,,2026/4/25 17:07:46,,OZhUIuou,2010014,K:\.minecraft\versions\BadAeroPlay\mods\deployer-0.1.2.jar
deployer_got_dizzy-0.1.2.jar,Aeronautics:Deployer Direction Fix,,2026/5/16 2:37:10,,1544067,5406,K:\.minecraft\versions\BadAeroPlay\mods\deployer_got_dizzy-0.1.2.jar
delightlib-26.05.18-1.21-neoforge.jar,Delight Lib,,2026/5/19 8:32:08,,rmDY6fYt,59438,K:\.minecraft\versions\BadAeroPlay\mods\delightlib-26.05.18-1.21-neoforge.jar
delightfulcreators-1.2.jar,动力乐事 (Delightful Creators),1.2,2026/7/17 22:46:39,,jmJ87gsb,353802,K:\.minecraft\versions\BadAeroPlay\mods\delightfulcreators-1.2.jar
dashpanels-1.6+neoforge1.21.1.jar,Dashpanels,,2026/7/16 12:25:59,,xZJfGh82,555364,K:\.minecraft\versions\BadAeroPlay\mods\dashpanels-1.6+neoforge1.21.1.jar
dashpanels_expanded-1.3.0.jar,Dashpanels: Expanded,,2026/7/21 22:17:07,,gazFBp5k,142467,K:\.minecraft\versions\BadAeroPlay\mods\dashpanels_expanded-1.3.0.jar
CustomSkinLoader_Universal-15.0.1.jar,万用皮肤补丁 (CustomSkinLoader),15.0.1,2026/6/21 13:47:36,customskinloader-bootstrap,idMHQ4n2,218215,K:\.minecraft\versions\BadAeroPlay\mods\CustomSkinLoader_Universal-15.0.1.jar
curios-neoforge-9.5.1+1.21.1.jar,Curios API,,2025/5/14 21:34:49,,vvuO3ImH,410690,K:\.minecraft\versions\BadAeroPlay\mods\curios-neoforge-9.5.1+1.21.1.jar
cupboard-1.21.1-3.9.jar,Cupboard,,2026/7/22 1:37:30,,326652,28829,K:\.minecraft\versions\BadAeroPlay\mods\cupboard-1.21.1-3.9.jar
culturaldelights-0.17.8.jar,多元乐事 (Cultural Delights),,2026/5/22 13:44:07,,YttyNOFA,261247,K:\.minecraft\versions\BadAeroPlay\mods\culturaldelights-0.17.8.jar
CTM-1.21-1.2.1+3.jar,连接纹理 (ConnectedTexturesMod),,2024/8/2 1:39:38,,267602,240791,K:\.minecraft\versions\BadAeroPlay\mods\CTM-1.21-1.2.1+3.jar
cristellib-neoforge-1.21.1-3.1.7.jar,Cristel Lib,,2026/6/13 20:27:45,,cl223EMc,583525,K:\.minecraft\versions\BadAeroPlay\mods\cristellib-neoforge-1.21.1-3.1.7.jar
CreativeCore_NEOFORGE_v2.13.41_mc1.21.1.jar,CreativeCore,,2026/6/3 15:13:28,,OsZiaDHq,1218640,K:\.minecraft\versions\BadAeroPlay\mods\CreativeCore_NEOFORGE_v2.13.41_mc1.21.1.jar
createutilities-0.3.7+mc1.21.1.jar,Create Utilities (Unofficial Port),,2026/7/9 6:04:40,,8gamiD8q,373030,K:\.minecraft\versions\BadAeroPlay\mods\createutilities-0.3.7+mc1.21.1.jar
createthreadedtrains-neoforge-1.21.1-1.0.0.jar,Create: Threaded Trains,,2025/11/11 7:30:57,,RYJzdkDr,77249,K:\.minecraft\versions\BadAeroPlay\mods\createthreadedtrains-neoforge-1.21.1-1.0.0.jar
createschematicchecker-1.21.27-6.0-neoforge-1.21.1.jar,机械动力：蓝图校验 (Create: Schematic Checker),,2026/7/11 22:59:47,,ULzrAD1U,329543,K:\.minecraft\versions\BadAeroPlay\mods\createschematicchecker-1.21.27-6.0-neoforge-1.21.1.jar
createredstonelinkgui-1.21.1-1.9.2.jar,Create: Redstone Link GUI,,2026/7/22 5:24:56,,GhtD1QcW,243975,K:\.minecraft\versions\BadAeroPlay\mods\createredstonelinkgui-1.21.1-1.9.2.jar
createrailwaysnavigator-neoforge-1.21.1-beta-0.9.1-C6.jar,机械动力：铁路导航 (Create Railways Navigator),,2026/5/31 22:59:26,,Dq3STxps,2071249,K:\.minecraft\versions\BadAeroPlay\mods\createrailwaysnavigator-neoforge-1.21.1-beta-0.9.1-C6.jar
createpropulsion-1.1.5.jar,机械动力：推进工程 - 模拟物理 (Create Propulsion: Simulated),,2026/7/24 5:50:58,,ApkoHNO9,1707765,K:\.minecraft\versions\BadAeroPlay\mods\createpropulsion-1.1.5.jar
createprism-1.2.2.jar,机械动力：流光溢彩 (Create: Prismatic Shine),,2026/5/7 8:36:18,,udEtt0b2,1287223,K:\.minecraft\versions\BadAeroPlay\mods\createprism-1.2.2.jar
createoreexcavation-1.21-1.6.8.jar,机械动力：矿石开掘 (Create Ore Excavation),,2025/11/8 23:11:29,,ResbpANg,476990,K:\.minecraft\versions\BadAeroPlay\mods\createoreexcavation-1.21-1.6.8.jar
CreateNumismatics-1.0.20+neoforge-mc1.21.1.jar,Create: Numismatics,,2026/4/19 9:31:07,,Jdbbtt0i,693446,K:\.minecraft\versions\BadAeroPlay\mods\CreateNumismatics-1.0.20+neoforge-mc1.21.1.jar
createnuclear-1.3.2-beta.3-neoforge.jar,机械动力：原子核动 (Create Nuclear),,2025/12/14 2:03:01,,z611fdf7,1842160,K:\.minecraft\versions\BadAeroPlay\mods\createnuclear-1.3.2-beta.3-neoforge.jar
createmoremachines-1.21.1-2.7.jar,机械动力：更多机械 (Create More Machines),,2026/5/29 17:21:47,,1478956,2141416,K:\.minecraft\versions\BadAeroPlay\mods\createmoremachines-1.21.1-2.7.jar
createmetallurgy-1.0.3-1.21.1.jar,机械动力：冶金学 (Create: Metallurgy),,2026/5/23 0:10:37,,Soft45xC,2035560,K:\.minecraft\versions\BadAeroPlay\mods\createmetallurgy-1.0.3-1.21.1.jar
createfurnitureseats-4.8.42.jar,Furniture with create and sable compat,,2026/7/9 2:52:12,,W2K5jx3j,62737,K:\.minecraft\versions\BadAeroPlay\mods\createfurnitureseats-4.8.42.jar
createframed-1.21.1-1.8.2.jar,机械动力：多彩边框 (Create: Framed),,2026/7/9 0:18:16,,15fFZ3f4,2871366,K:\.minecraft\versions\BadAeroPlay\mods\createframed-1.21.1-1.8.2.jar
CreateFastSchematicCannon-1.4.1-neoforge-1.21.1.jar,机械动力：更快的蓝图加农炮 (Create: Fast Schematic Cannon),,2026/2/23 11:07:24,,DebMSCVn,74294,K:\.minecraft\versions\BadAeroPlay\mods\CreateFastSchematicCannon-1.4.1-neoforge-1.21.1.jar
CreateDragonsPlus-1.11.3.jar,机械动力：龙+ (Create: Dragons Plus),,2026/7/29 16:11:54,,dzb1a5WV,1027754,K:\.minecraft\versions\BadAeroPlay\mods\CreateDragonsPlus-1.11.3.jar
createdieselgenerators-1.21.1-1.3.14.jar,机械动力：柴油动力 (Create: Diesel Generators),1.3.14,2026/6/22 16:42:35,,ZM3tt6p1,3143118,K:\.minecraft\versions\BadAeroPlay\mods\createdieselgenerators-1.21.1-1.3.14.jar
createdeco-2.1.3.jar,Create Deco,,2026/4/18 11:51:39,,sMvUb4Rb,3328498,K:\.minecraft\versions\BadAeroPlay\mods\createdeco-2.1.3.jar
CreateCyberGoggles-1.21.1-8.2.1-NeoForge.jar,机械动力：赛博护目镜 (Create: Cyber Goggles),,2026/7/27 17:12:43,,TlQAWQCY,614860,K:\.minecraft\versions\BadAeroPlay\mods\CreateCyberGoggles-1.21.1-8.2.1-NeoForge.jar
createcontraptionterminals-1.21-1.3.0.jar,机械动力：动态终端 (Create Contraption Terminals),,2026/2/22 4:56:54,,gOPAFzp0,90967,K:\.minecraft\versions\BadAeroPlay\mods\createcontraptionterminals-1.21-1.3.0.jar
createcafe-1.4.3.jar,机械动力：咖啡馆 (Create Cafe),,2026/1/5 11:56:58,,O3hKBfwC,390889,K:\.minecraft\versions\BadAeroPlay\mods\createcafe-1.4.3.jar
createbigcannons-5.11.2-mc.1.21.1.jar,机械动力：火炮 (Create Big Cannons),,2026/6/23 6:26:12,,GWp4jCJj,3771506,K:\.minecraft\versions\BadAeroPlay\mods\createbigcannons-5.11.2-mc.1.21.1.jar
createbetterfps-1.21.1-1.1.4.jar,CreateBetterFps,,2026/4/20 0:25:33,,lMYIHZNH,26547,K:\.minecraft\versions\BadAeroPlay\mods\createbetterfps-1.21.1-1.1.4.jar
createaeronauticscurios-neoforge-1.21.1-2.1.jar,Create Aeronautics x Curios API Compat,2.1,2026/6/15 3:39:33,,1532334,43934,K:\.minecraft\versions\BadAeroPlay\mods\createaeronauticscurios-neoforge-1.21.1-2.1.jar
CreateAeronauticsCopycatWing-1.21.1-1.0.2.jar,Create Aeronautics: Copycat Wing,,2026/6/8 17:44:06,,1530305,98186,K:\.minecraft\versions\BadAeroPlay\mods\CreateAeronauticsCopycatWing-1.21.1-1.0.2.jar
createadditionallogistics-1.21.1-1.4.5.jar,机械动力：物流附加 (Create: Additional Logistics),,2026/1/15 3:56:55,,CZaz7aje,953230,K:\.minecraft\versions\BadAeroPlay\mods\createadditionallogistics-1.21.1-1.4.5.jar
createaddition-1.6.0.jar,机械动力：创想附加 (Create Crafts & Additions),,2026/6/3 5:53:52,,kU1G12Nn,1661802,K:\.minecraft\versions\BadAeroPlay\mods\createaddition-1.6.0.jar
create-stuff-additions1.21.1_v2.1.4a.jar,机械动力：物品附加 (Create Stuff 'N Additions),2.0.9,2026/6/22 0:46:42,create_sa,aq9qUUQG,1344545,K:\.minecraft\versions\BadAeroPlay\mods\create-stuff-additions1.21.1_v2.1.4a.jar
create-new-age-1.2.0+neoforge-mc1.21.1.jar,机械动力：电气时代 (Create: New Age),,2026/6/8 15:57:10,,FTeXqI9v,1644485,K:\.minecraft\versions\BadAeroPlay\mods\create-new-age-1.2.0+neoforge-mc1.21.1.jar
create-integrated-farming-1.2.6.jar,机械动力：集成农业 (Create: Integrated Farming),,2026/6/10 13:16:07,,9k1pAsfR,438847,K:\.minecraft\versions\BadAeroPlay\mods\create-integrated-farming-1.2.6.jar
create-hangars-V1.0.0.jar,Create: Hangars (Aeronautics),,2026/4/27 17:08:49,,en3HEaOT,483973,K:\.minecraft\versions\BadAeroPlay\mods\create-hangars-V1.0.0.jar
create-enchantment-industry-2.5.0-preview-alpha1.jar,机械动力：附魔工业 (Create: Enchantment Industry),,2026/6/15 10:54:40,,JWGBpFUP,1559350,K:\.minecraft\versions\BadAeroPlay\mods\create-enchantment-industry-2.5.0-preview-alpha1.jar
create-confectionery1.21.1_v1.1.3b.jar,机械动力：甜食 (Create Confectionery),1.1.0,2026/5/9 21:44:55,create_confectionery,531834,2127265,K:\.minecraft\versions\BadAeroPlay\mods\create-confectionery1.21.1_v1.1.3b.jar
create-aeronautics-tournament-0.0.1.jar,Create Aeronautics: Tournament,,2026/4/21 18:24:59,,cBLjBt5l,74088,K:\.minecraft\versions\BadAeroPlay\mods\create-aeronautics-tournament-0.0.1.jar
create-aeronautics-bundled-1.21.1-1.3.0.jar,机械动力：航空学 (Create: Aeronautics),,2026/6/13 11:13:25,,oWaK0Q19,33120013,K:\.minecraft\versions\BadAeroPlay\mods\create-aeronautics-bundled-1.21.1-1.3.0.jar
create-1.21.1-6.0.10.jar,机械动力 (Create),,2026/4/22 6:20:03,,LNytGWDc,19123767,K:\.minecraft\versions\BadAeroPlay\mods\create-1.21.1-6.0.10.jar
create_waystones_recipes-3.0.1.jar,Create Waystones Recipes,,2025/6/2 16:32:05,,1086710,106083,K:\.minecraft\versions\BadAeroPlay\mods\create_waystones_recipes-3.0.1.jar
create_vibrant_vaults-0.3.2.jar,机械动力：炫彩金库 (Create: Vibrant Vaults),,2025/4/26 1:44:10,,hddN8ksR,2687938,K:\.minecraft\versions\BadAeroPlay\mods\create_vibrant_vaults-0.3.2.jar
create_tweaked_controllers-1.21.1-1.2.7.jar,机械动力：高级遥控器 (Create: Tweaked Controllers),1.20.1-1.2.7,2026/4/21 5:31:53,create_tweaked_controllers,H6bJ8Ju4,303343,K:\.minecraft\versions\BadAeroPlay\mods\create_tweaked_controllers-1.21.1-1.2.7.jar
create_things_and_misc-4.1.1-neoforge-1.21.1.jar,机械动力：实用物件 (Create : Misc & Things),4.1.1,2026/5/30 19:42:16,create_things_and_misc,uWrs8XlB,1055815,K:\.minecraft\versions\BadAeroPlay\mods\create_things_and_misc-4.1.1-neoforge-1.21.1.jar
create_submarine-2.2.4.jar,Create Deep Seas,,2026/6/18 4:02:53,,mva5q4qZ,1869296,K:\.minecraft\versions\BadAeroPlay\mods\create_submarine-2.2.4.jar
create_structures_arise-176.49.48 NeoForge 1.21.1.jar,Create: Structures Arise,,2026/5/24 23:27:38,,9enMEvoc,1817379,K:\.minecraft\versions\BadAeroPlay\mods\create_structures_arise-176.49.48 NeoForge 1.21.1.jar
create_simulated_additions-0.2.3-neoforge-1.21.1.jar,Create Simulated Additions,,2026/6/9 23:03:30,,rlv7S1aF,696072,K:\.minecraft\versions\BadAeroPlay\mods\create_simulated_additions-0.2.3-neoforge-1.21.1.jar
create_rustic_structures-1.0.1-neoforge-1.21.1.jar,机械动力：乡村结构 (Create: Rustic Structures),,2026/5/21 15:16:17,,lmbZMkEZ,758491,K:\.minecraft\versions\BadAeroPlay\mods\create_rustic_structures-1.0.1-neoforge-1.21.1.jar
create_rns-1.1.2-1.21.1-6.jar,Create: Rock & Stone,,2026/4/9 17:06:52,,wy2arhik,590050,K:\.minecraft\versions\BadAeroPlay\mods\create_rns-1.1.2-1.21.1-6.jar
create_ratatouille-1.21.1-1.4.0.jar,机械动力：齿轮与麦穗 (Create: Ratatouille),,2026/7/10 19:31:19,,XM0ifg8q,918946,K:\.minecraft\versions\BadAeroPlay\mods\create_ratatouille-1.21.1-1.4.0.jar
create_radar-0.4.9.4-1.21.1.jar,机械动力：雷达 (Create: Radars),,2026/6/11 1:55:35,,BLu2Yqfq,2990812,K:\.minecraft\versions\BadAeroPlay\mods\create_radar-0.4.9.4-1.21.1.jar
create_power_loader-2.0.5-mc1.21.1.jar,机械动力：动力加载器 (Create: Power Loader),,2026/5/22 16:06:33,,wPQ6GgFE,442369,K:\.minecraft\versions\BadAeroPlay\mods\create_power_loader-2.0.5-mc1.21.1.jar
create_pocket_factory-0.1.6.jar,Create: Pocket Factory,,2026/5/21 15:48:49,,Vc0nsPBg,1025790,K:\.minecraft\versions\BadAeroPlay\mods\create_pocket_factory-0.1.6.jar
create_optical-0.4.2.jar,机械动力：光学 (Create Optical),,2026/5/4 11:31:13,,kcZ7kwxx,8003762,K:\.minecraft\versions\BadAeroPlay\mods\create_optical-0.4.2.jar
create_more_catalysts-1.2.3-mc1.21.1-neoforge.jar,机械动力：更多触媒 (Create：More Catalysts),,2026/5/11 9:30:45,,Wpu9rbVF,527568,K:\.minecraft\versions\BadAeroPlay\mods\create_more_catalysts-1.2.3-mc1.21.1-neoforge.jar
create_mobile_packages-1.21.1-0.7.7.jar,机械动力：无人机物流 (Create: Mobile Packages),,2026/7/25 4:46:37,,1vXRfEHZ,605614,K:\.minecraft\versions\BadAeroPlay\mods\create_mobile_packages-1.21.1-0.7.7.jar
create_mekanism_compat-0.1.21.jar,Create Aeronautics: Mekanism Compatibility,,2026/6/22 20:30:47,,4TghD0jp,139829,K:\.minecraft\versions\BadAeroPlay\mods\create_mekanism_compat-0.1.21.jar
create_fantasizing-1.21.1-1.2.0-b2.jar,机械动力：又在幻想了 (Create: Fantasizing Again),,2026/7/12 11:33:31,,UvrmqS41,632817,K:\.minecraft\versions\BadAeroPlay\mods\create_fantasizing-1.21.1-1.2.0-b2.jar
create_factory-0.7a-1.21.1.jar,Create: Factory,,2026/5/15 21:31:21,,j6Zt3N7W,211171,K:\.minecraft\versions\BadAeroPlay\mods\create_factory-0.7a-1.21.1.jar
create_easy_structures-0.2a-neoforge-1.21.1.jar,Create: Easy Structures,0.2,2025/3/25 21:57:17,create_easy_structures,z69Pxatv,469490,K:\.minecraft\versions\BadAeroPlay\mods\create_easy_structures-0.2a-neoforge-1.21.1.jar
create_connected-1.3.2-mc1.21.1.jar,机械动力：创意传动 (Create: Connected),,2026/6/22 18:21:16,,Vg5TIO6d,6779410,K:\.minecraft\versions\BadAeroPlay\mods\create_connected-1.3.2-mc1.21.1.jar
create_compact_transmission-1.0.7.jar,Create: Compact Transmission,,2026/6/14 2:24:48,,qBkvR8oH,171997,K:\.minecraft\versions\BadAeroPlay\mods\create_compact_transmission-1.0.7.jar
Create_Bugfix_Schematic_Patch-1.1.4.jar,机械动力：蓝图补丁 (Create Bugfix: Schematic Patch),,2025/10/7 17:57:59,,E7HuZiWj,369591,K:\.minecraft\versions\BadAeroPlay\mods\Create_Bugfix_Schematic_Patch-1.1.4.jar
create_bb-1.0.7-1.21.1-Neoforge.jar,Create: Blocks & Bogies,,2026/1/17 9:44:28,,j4ARnQwY,2613213,K:\.minecraft\versions\BadAeroPlay\mods\create_bb-1.0.7-1.21.1-Neoforge.jar
create_avionics-neoforge-1.21.1-0.5.2.jar,Create: Avionics — ComputerCraft for Aeronautics,,2026/7/26 1:21:00,,h4nsLvjf,155868,K:\.minecraft\versions\BadAeroPlay\mods\create_avionics-neoforge-1.21.1-0.5.2.jar
create_aeronautics_transmission_linkage-0.2.5.jar,Create Aeronautics: Transmission & Linkage,,2026/6/17 14:57:09,,Y1dq5ioE,666943,K:\.minecraft\versions\BadAeroPlay\mods\create_aeronautics_transmission_linkage-0.2.5.jar
create_aeronautics_toolgun-0.3.2.jar,机械动力航空学：工具枪 (Create Aeronautics: Toolgun) - 正在审核,,2026/7/20 2:09:41,,5fUBLqeW,1323478,K:\.minecraft\versions\BadAeroPlay\mods\create_aeronautics_toolgun-0.3.2.jar
create_aeronautics_placeable_wheels-0.2-1.21.1.jar,Create Aeronautics: Placeable Wheels,,2026/7/6 0:48:18,,cC5Hn6ck,22181,K:\.minecraft\versions\BadAeroPlay\mods\create_aeronautics_placeable_wheels-0.2-1.21.1.jar
Create Encased-1.21.1-1.9.0-ht2.jar,机械动力：封装工艺 (Create Encased),ht2,2026/7/23 18:14:34,,hSSqdyU1,3111884,K:\.minecraft\versions\BadAeroPlay\mods\Create Encased-1.21.1-1.9.0-ht2.jar
create aeronautics boatpropellers.jar,Create Aeronautics: Boat Propellers,,2026/5/5 20:24:30,,Rzsvsn8U,29233,K:\.minecraft\versions\BadAeroPlay\mods\create aeronautics boatpropellers.jar
cratedelight-26.07.01-1.21-neoforge.jar,装箱乐事 (Crate Delight),,2026/7/1 13:23:28,,9rlXSyLg,202120,K:\.minecraft\versions\BadAeroPlay\mods\cratedelight-26.07.01-1.21-neoforge.jar
CrashAssistant-neoforge-1.20.6-1.21.4-1.11.11.jar,崩溃助手 (Crash Assistant),,2026/7/13 11:42:09,,ix1qq8Ux,3187440,K:\.minecraft\versions\BadAeroPlay\mods\CrashAssistant-neoforge-1.20.6-1.21.4-1.11.11.jar
crabbersdelight-1.21.1-1.2.6.jar,蟹农乐事 (Crabber's Delight),,2026/4/29 1:30:39,,gBGdVBJy,634794,K:\.minecraft\versions\BadAeroPlay\mods\crabbersdelight-1.21.1-1.2.6.jar
coroutil-neoforge-1.21.0-1.3.9.jar,CoroUtil,,2026/3/23 2:53:05,,237749,65716,K:\.minecraft\versions\BadAeroPlay\mods\coroutil-neoforge-1.21.0-1.3.9.jar
corn_delight-1.2.10-1.21.1.jar,玉米乐事 (Corn Delight),,2026/5/2 0:45:35,,uxLAKWU8,165038,K:\.minecraft\versions\BadAeroPlay\mods\corn_delight-1.2.10-1.21.1.jar
copyfoxies-2.0.0.jar,Create: Copyfoxes,,2026/7/25 19:53:45,,VmFTbxHn,418431,K:\.minecraft\versions\BadAeroPlay\mods\copyfoxies-2.0.0.jar
copycats-3.0.4+mc.1.21.1-neoforge.jar,机械动力：伪装方块+ (Create: Copycats+),,2025/11/23 11:28:55,,UT2M39wf,1791747,K:\.minecraft\versions\BadAeroPlay\mods\copycats-3.0.4+mc.1.21.1-neoforge.jar
cookingforblockheads-neoforge-1.21.1-21.1.24.jar,傻瓜烹饪/懒人厨房 (Cooking for Blockheads),,2026/7/10 14:03:52,,231484,1266042,K:\.minecraft\versions\BadAeroPlay\mods\cookingforblockheads-neoforge-1.21.1-21.1.24.jar
constructionwand-kots-1.21.1-2.16.9.jar,建筑手杖-耕云钓月版 (Construction Wand - KOTS),2.16.9,2026/6/30 14:25:31,,76H3XX6b,202805,K:\.minecraft\versions\BadAeroPlay\mods\constructionwand-kots-1.21.1-2.16.9.jar
configured-neoforge-1.21.1-2.6.3.jar,配置界面 (Configured),,2025/11/30 10:21:15,,457570,428793,K:\.minecraft\versions\BadAeroPlay\mods\configured-neoforge-1.21.1-2.6.3.jar
compactmekanismmachinesplus-0.4.0.jar,Compact Mekanism Machines Plus,,2025/9/17 16:20:43,mod_id,1329766,119213,K:\.minecraft\versions\BadAeroPlay\mods\compactmekanismmachinesplus-0.4.0.jar
compact_additions-2.1.0.jar,Create: Compact Additions,,2026/7/16 0:25:07,,B15pZdbw,617120,K:\.minecraft\versions\BadAeroPlay\mods\compact_additions-2.1.0.jar
comforts-neoforge-9.0.5+1.21.1.jar,舒适用品 (Comforts),,2026/1/24 12:53:25,,SaCpeal4,422658,K:\.minecraft\versions\BadAeroPlay\mods\comforts-neoforge-9.0.5+1.21.1.jar
collective-1.21.1-8.39.jar,Collective,8.39,2026/6/30 0:27:28,collective,e0M1UDsY,1061931,K:\.minecraft\versions\BadAeroPlay\mods\collective-1.21.1-8.39.jar
CodeChickenLib-1.21.1-4.6.1.529.jar,CodeChicken Lib,,2026/7/23 13:19:19,,2gq0ALnz,1538382,K:\.minecraft\versions\BadAeroPlay\mods\CodeChickenLib-1.21.1-4.6.1.529.jar
cloth-config-15.0.140-neoforge.jar,Cloth Config API,,2024/9/17 1:18:02,,9s6osm5g,1163890,K:\.minecraft\versions\BadAeroPlay\mods\cloth-config-15.0.140-neoforge.jar
climbable_ropes-2.1.1.jar,Climbable Ropes for Create Aeronautics,,2026/7/19 20:14:14,,jImqv1M5,242108,K:\.minecraft\versions\BadAeroPlay\mods\climbable_ropes-2.1.1.jar
classicbar-1.21.1-1.5.3.jar,Classic Bar Unofficial,,2026/5/11 1:30:04,,FhdcxNf6,129083,K:\.minecraft\versions\BadAeroPlay\mods\classicbar-1.21.1-1.5.3.jar
citadel-2.7.1-1.21.1.jar,Citadel,,2026/7/19 5:33:06,,jJfV67b1,3033076,K:\.minecraft\versions\BadAeroPlay\mods\citadel-2.7.1-1.21.1.jar
Chunky-NeoForge-1.4.23.jar,预生成区块 (Chunky),,2025/4/4 14:52:00,,fALzjamp,340572,K:\.minecraft\versions\BadAeroPlay\mods\Chunky-NeoForge-1.4.23.jar
chunkloaders-1.2.9-neoforge-mc1.21.jar,区块加载器 (Chunk Loaders),,2025/7/31 23:26:48,,t1VgucWo,146058,K:\.minecraft\versions\BadAeroPlay\mods\chunkloaders-1.2.9-neoforge-mc1.21.jar
chipped-neoforge-1.21.1-4.0.2.jar,Chipped,,2024/10/15 8:52:59,,BAscRYKm,15020578,K:\.minecraft\versions\BadAeroPlay\mods\chipped-neoforge-1.21.1-4.0.2.jar
chattools-v2.4.3.1+1.21.1-neoforge.jar,聊天工具箱 (Chat Tools),,2026/7/8 20:31:11,,pbnlOdwp,674432,K:\.minecraft\versions\BadAeroPlay\mods\chattools-v2.4.3.1+1.21.1-neoforge.jar
chalk-1.6.12.jar,粉笔 (Chalk),,2026/6/4 0:09:07,chalk,YWGP4Y1d,338917,K:\.minecraft\versions\BadAeroPlay\mods\chalk-1.6.12.jar
cfm_wap-1.21.1-neoforge-1.2.0.jar,CFM Refurbished: Watt About Power?,,2025/10/2 1:48:11,,1170251,68797,K:\.minecraft\versions\BadAeroPlay\mods\cfm_wap-1.21.1-neoforge-1.2.0.jar
ccterminals-1.21.1-forge-0.1.0.jar,CC: Terminals,,2026/4/16 2:11:43,,mbjglPPW,52540,K:\.minecraft\versions\BadAeroPlay\mods\ccterminals-1.21.1-forge-0.1.0.jar
ccsconnector-0.0.1-beta.jar,CC Synaxis Connector,,2026/7/2 16:37:27,,RJW88pUc,216264,K:\.minecraft\versions\BadAeroPlay\mods\ccsconnector-0.0.1-beta.jar
cccredstonelink-0.1.1.jar,CC: Create Redstone Link,,2026/6/26 10:50:54,,zDWcAhSD,41073,K:\.minecraft\versions\BadAeroPlay\mods\cccredstonelink-0.1.1.jar
cc-tweaked-1.21.1-forge-1.120.0.jar,CC: Tweaked - 已过时,,2026/6/19 0:04:12,,gu7yAYhd,3126946,K:\.minecraft\versions\BadAeroPlay\mods\cc-tweaked-1.21.1-forge-1.120.0.jar
cc-cbc-v1.1.1-1.21.1-neoforge.jar,CC:CBC,,2026/5/22 2:13:57,,zA9Klldw,32014,K:\.minecraft\versions\BadAeroPlay\mods\cc-cbc-v1.1.1-1.21.1-neoforge.jar
cc_sable-neoforge-1.3.4.jar,CC: Sable,,2026/5/13 15:29:37,,OPNBxiZD,43338,K:\.minecraft\versions\BadAeroPlay\mods\cc_sable-neoforge-1.3.4.jar
cc_modern-0.1.0.jar,CC: Modern,0.1.0,2026/7/9 13:59:04,,Ftp3q6oJ,220016,K:\.minecraft\versions\BadAeroPlay\mods\cc_modern-0.1.0.jar
cc_mb-neoforge-1.21.0-0.5.3.jar,纸带八音盒 (Music Box),,2025/5/19 17:10:39,,iVwaeEOr,240357,K:\.minecraft\versions\BadAeroPlay\mods\cc_mb-neoforge-1.21.0-0.5.3.jar
CBMultipart-1.21.1-3.5.0.155.jar,CB Multipart,,2025/12/1 11:03:54,,LmvnWWSV,547450,K:\.minecraft\versions\BadAeroPlay\mods\CBMultipart-1.21.1-3.5.0.155.jar
CBCmoreshells-1.2.2.jar,机械动力火炮：增强型弹药 (CBC Enchanced Shells),,2026/7/20 17:40:38,,1489732,2069241,K:\.minecraft\versions\BadAeroPlay\mods\CBCmoreshells-1.2.2.jar
CBC-Military-Supplement-1.21.1-2.1.0.jar,CBC Military Supplement,,2026/6/1 8:01:55,,1222164,2186150,K:\.minecraft\versions\BadAeroPlay\mods\CBC-Military-Supplement-1.21.1-2.1.0.jar
catalogue-neoforge-1.21.1-1.11.2.jar,模组目录 (Catalogue),,2025/8/25 22:04:06,,459701,302750,K:\.minecraft\versions\BadAeroPlay\mods\catalogue-neoforge-1.21.1-1.11.2.jar
cadeditor-1.21.1-0.1.0-neoforge.jar,CAD Editor,0.1.0,2025/11/24 19:07:43,cadeditor,MJW1h2CF,1539717,K:\.minecraft\versions\BadAeroPlay\mods\cadeditor-1.21.1-0.1.0-neoforge.jar
BrewinAndChewin-neoforge-4.5.0+1.21.1.jar,饮酒作乐 (Brewin' And Chewin'),,2026/6/24 8:01:22,,hIu9KJTT,1575450,K:\.minecraft\versions\BadAeroPlay\mods\BrewinAndChewin-neoforge-4.5.0+1.21.1.jar
bookshelf-neoforge-1.21.1-21.1.81.jar,Bookshelf,,2026/2/11 6:44:22,,uy4Cnpcm,328813,K:\.minecraft\versions\BadAeroPlay\mods\bookshelf-neoforge-1.21.1-21.1.81.jar
blueprint-1.21.1-8.1.1.jar,Blueprint,,2026/7/9 10:38:03,,VsM5EDoI,1202822,K:\.minecraft\versions\BadAeroPlay\mods\blueprint-1.21.1-8.1.1.jar
bits_n_bobs-0.0.44.jar,Create: Bits 'n' Bobs,0.0.44,2026/2/8 7:26:13,,T8bvmqVZ,1613264,K:\.minecraft\versions\BadAeroPlay\mods\bits_n_bobs-0.0.44.jar
BetterF3-11.0.3-NeoForge-1.21.1.jar,更好的F3 (BetterF3),,2024/11/4 8:45:11,,8shC1gFX,481646,K:\.minecraft\versions\BadAeroPlay\mods\BetterF3-11.0.3-NeoForge-1.21.1.jar
balm-neoforge-1.21.1-21.0.63.jar,Balm,21.0.63,2026/7/13 21:06:01,,531761,782380,K:\.minecraft\versions\BadAeroPlay\mods\balm-neoforge-1.21.1-21.0.63.jar
bakeries-1.21.1-NeoForge-1.0.1.jar,烘焙坊 (Bakeries),,2026/5/25 15:06:00,,ZugnklTp,2653025,K:\.minecraft\versions\BadAeroPlay\mods\bakeries-1.21.1-NeoForge-1.0.1.jar
azurelib-neo-1.21.1-3.1.11.jar,AzureLib,,2026/7/4 13:14:53,,7zlUOZvb,877948,K:\.minecraft\versions\BadAeroPlay\mods\azurelib-neo-1.21.1-3.1.11.jar
AvaritiaSpear-1.21.1-neo-1.1.jar,Avaritia Spear,,2026/7/17 13:52:02,,BkPKnLSX,41296,K:\.minecraft\versions\BadAeroPlay\mods\AvaritiaSpear-1.21.1-neo-1.1.jar
avaritia_expand-0.3.6.jar,无尽贪婪 : 拓展 (Avaritia : Expand),,2026/3/19 3:32:38,,1327524,530975,K:\.minecraft\versions\BadAeroPlay\mods\avaritia_expand-0.3.6.jar
avaritia_delight-1.6.3.jar,无尽乐事 (Avaritia's Delight),,2026/5/24 0:02:20,,gtX73iTU,511442,K:\.minecraft\versions\BadAeroPlay\mods\avaritia_delight-1.6.3.jar
athena-neoforge-1.21.1-4.0.6.jar,Athena,,2026/5/9 16:07:38,,b1ZV3DIJ,99944,K:\.minecraft\versions\BadAeroPlay\mods\athena-neoforge-1.21.1-4.0.6.jar
architectury-13.0.11-neoforge.jar,Architectury API,,2026/7/23 17:57:32,,lhGA9TYQ,584734,K:\.minecraft\versions\BadAeroPlay\mods\architectury-13.0.11-neoforge.jar
appliedschematicannon-1.0.4.jar,Applied Schematicannon,,2025/5/27 23:29:48,,1269760,11485,K:\.minecraft\versions\BadAeroPlay\mods\appliedschematicannon-1.0.4.jar
appliedenergistics2-19.2.17.jar,应用能源2 (Applied Energistics 2),,2025/9/24 7:32:37,,XxWD5pD3,8230896,K:\.minecraft\versions\BadAeroPlay\mods\appliedenergistics2-19.2.17.jar
appliede-1.0.8-beta.jar,AppliedE,,2025/5/6 3:56:38,,SyKS54UY,218117,K:\.minecraft\versions\BadAeroPlay\mods\appliede-1.0.8-beta.jar
Applied-Mekanistics-1.6.3.jar,应用能源：通用机械附属 (Applied Mekanistics),,2025/10/12 9:09:56,,IiATswDj,149709,K:\.minecraft\versions\BadAeroPlay\mods\Applied-Mekanistics-1.6.3.jar
applied_kjs-1.0.0.jar,Applied KubeJS,,2026/2/23 19:32:40,,iCP3w3D8,86754,K:\.minecraft\versions\BadAeroPlay\mods\applied_kjs-1.0.0.jar
appleskin-neoforge-mc1.21-3.0.9.jar,苹果皮 (AppleSkin),,2026/4/1 12:50:54,,EsAfCjCV,75804,K:\.minecraft\versions\BadAeroPlay\mods\appleskin-neoforge-mc1.21-3.0.9.jar
anvilcore-10.1 Release-neoforge-1.21.1.jar,AnvilCore 🔨 [DISCONTINUED],,2026/3/17 21:19:32,,1470821,104557,K:\.minecraft\versions\BadAeroPlay\mods\anvilcore-10.1 Release-neoforge-1.21.1.jar
amendments-neoforge-1.21-2.1.7.jar,Amendments,,2026/7/12 7:25:35,,6iTJugQR,1154863,K:\.minecraft\versions\BadAeroPlay\mods\amendments-neoforge-1.21-2.1.7.jar
AlwaysEat-neoforge-1.0.0.jar,Always Eat,,2025/5/5 18:00:30,,yasvseig,5036,K:\.minecraft\versions\BadAeroPlay\mods\AlwaysEat-neoforge-1.0.0.jar
Almanac-1.21.1-2-neoforge-1.5.2.jar,Almanac,,2026/1/20 0:14:18,,Gi02250Z,25593,K:\.minecraft\versions\BadAeroPlay\mods\Almanac-1.21.1-2-neoforge-1.5.2.jar
alltheleaks-1.1.10+1.21.1-neoforge.jar,AllTheLeaks (Memory Leak Fix),,2026/7/11 8:15:59,,1091339,538832,K:\.minecraft\versions\BadAeroPlay\mods\alltheleaks-1.1.10+1.21.1-neoforge.jar
alloyed-3.0.11+1.21.1-neoforge.jar,合金 / 机械动力：合金 (Alloyed / Create: Alloyed),,2026/6/25 23:22:41,,KUInlTFo,859277,K:\.minecraft\versions\BadAeroPlay\mods\alloyed-3.0.11+1.21.1-neoforge.jar
aeroworks-1.3.0.jar,Create: Aeroworks,,2026/7/11 6:54:46,,1522473,675196,K:\.minecraft\versions\BadAeroPlay\mods\aeroworks-1.3.0.jar
aeronauticscompat-1.1.3.jar,Create Aeronautics: Compatibility,,2026/7/10 21:17:09,,aLVC5usA,43764,K:\.minecraft\versions\BadAeroPlay\mods\aeronauticscompat-1.1.3.jar
aeronautics_windsound-1.0.1.jar,Aeronautics Wind Sound,,2026/6/19 0:02:18,,XU9MYvTx,2090769,K:\.minecraft\versions\BadAeroPlay\mods\aeronautics_windsound-1.0.1.jar
aeronauticadditions_neoforge_mc_1.21.1-1.1.1.jar,Aeronautic Additions and ChunkLoader,,2026/5/11 0:16:32,,Ui2FZZHS,96205,K:\.minecraft\versions\BadAeroPlay\mods\aeronauticadditions_neoforge_mc_1.21.1-1.1.1.jar
aerocopycats-1.1.1.jar,Copycats+ aeronautics weight,,2026/5/8 0:18:13,,wjpmYU1u,14702,K:\.minecraft\versions\BadAeroPlay\mods\aerocopycats-1.1.1.jar
aeroclaims-0.9.3.jar,Create Aeronautics: Claims,,2026/7/23 22:20:38,,CwZ8q37q,207202,K:\.minecraft\versions\BadAeroPlay\mods\aeroclaims-0.9.3.jar
aeroadditionbridge-1.0.0.jar,Create: Crafts & Additions and Aeronautics Compat,,2026/4/29 0:18:48,,tum2vG0T,12911,K:\.minecraft\versions\BadAeroPlay\mods\aeroadditionbridge-1.0.0.jar
aero_reformation-1.3.2.4.jar,Aero-Reformation,1.3.2.4,2026/7/22 18:57:43,,EYJ4oFpq,693411,K:\.minecraft\versions\BadAeroPlay\mods\aero_reformation-1.3.2.4.jar
aero_addition-1.0.2.jar,Aeronautics:Addition,,2026/5/17 18:52:46,,uCWxfksC,31395,K:\.minecraft\versions\BadAeroPlay\mods\aero_addition-1.0.2.jar
aeinfinitybooster-neoforge-1.21.1-1.0.0.58.jar,AEInfinityBooster,,2026/7/6 6:03:14,,VQhDBNs8,30454,K:\.minecraft\versions\BadAeroPlay\mods\aeinfinitybooster-neoforge-1.21.1-1.0.0.58.jar
ae2wtlib-19.5.1.jar,AE2无线终端 (Applied Energistics 2 Wireless Terminals),,2026/7/17 18:08:12,,pNabrMMw,252091,K:\.minecraft\versions\BadAeroPlay\mods\ae2wtlib-19.5.1.jar
AE2MEGAThings-1.21.1-2.0.4.jar,AE2 MEGA Things,,2025/2/18 1:29:46,,1150075,183840,K:\.minecraft\versions\BadAeroPlay\mods\AE2MEGAThings-1.21.1-2.0.4.jar
ae2jeiintegration-1.2.1.jar,AE2 JEI Integration,,2026/3/8 15:35:47,,1074338,91710,K:\.minecraft\versions\BadAeroPlay\mods\ae2jeiintegration-1.2.1.jar
ae2importexportcard-1.21.1-1.5.0.jar,AE2输入输出卡 (AE2 Import Export Card),,2026/5/4 1:40:27,,qelfSMnn,420675,K:\.minecraft\versions\BadAeroPlay\mods\ae2importexportcard-1.21.1-1.5.0.jar
AE2-Things-1.4.2-beta.jar,AE2 Things [Forge],,2024/8/17 23:33:57,,609977,66034,K:\.minecraft\versions\BadAeroPlay\mods\AE2-Things-1.4.2-beta.jar
AdvancementPlaques-1.21.1-neoforge-1.6.8.jar,进度牌匾 (Advancement Plaques),,2024/11/16 3:32:34,,9NM0dXub,195730,K:\.minecraft\versions\BadAeroPlay\mods\AdvancementPlaques-1.21.1-neoforge-1.6.8.jar
accessories-neoforge-1.1.0-beta.53+1.21.1.jar,Accessories,,2026/2/6 15:37:53,,jtmvUHXj,1078697,K:\.minecraft\versions\BadAeroPlay\mods\accessories-neoforge-1.1.0-beta.53+1.21.1.jar
acceleratedrendering-1.0.14-1.21.1-alpha.jar,加速渲染 (Accelerated Rendering),,2026/7/17 8:50:07,,1314021,684365,K:\.minecraft\versions\BadAeroPlay\mods\acceleratedrendering-1.0.14-1.21.1-alpha.jar
acceleratedrecoiling-21.1.13-alpha.jar,加速碰撞 (Accelerated Recoiling),,2026/6/2 16:51:20,,mMXtqi5e,877907,K:\.minecraft\versions\BadAeroPlay\mods\acceleratedrecoiling-21.1.13-alpha.jar
[1.21.1] SecurityCraft v1.10.2.1.jar,安全工艺 (Security Craft),,2026/6/29 3:27:11,,v8jzRtAt,5193371,K:\.minecraft\versions\BadAeroPlay\mods\[1.21.1] SecurityCraft v1.10.2.1.jar